URL,Date,Paragraph
https://prensali.substack.com/p/10-comunidades-de-mulheres-na-tecnologia-para-voce-conhecer-e-participar,Date not found,"Oi pessoal! Estou aqui de volta com um artigo um pouco diferente. Desde a minha gradua√ß√£o sempre participei de comunidades t√©cnicas. Naquela √©poca (2002-2007) n√£o haviam tantas como agora e o mercado de tecnologia no Brasil era totalmente diferente. Sim, muita coisa mudou de l√° pra c√° e um movimento bem legal que foi aparecendo nesse tempo foi o de mulheres se juntando para se ajudar e crescer na carreira de tecnologia."
https://prensali.substack.com/p/10-comunidades-de-mulheres-na-tecnologia-para-voce-conhecer-e-participar,Date not found,"Eu mesma fundei uma comunidade de mulheres em 2010, chamada #GarotasCPBr. Estivemos muito ativas por um per√≠odo, mas agora damos suporte a outras mulheres apenas no nosso grupo de WhatsApp.¬† Meu objetivo aqui hoje √© trazer para voc√™s algumas comunidades de mulheres que eu conheci, e que tem feito a diferen√ßa na vida das pessoas. Vamos l√° ent√£o!"
https://prensali.substack.com/p/10-comunidades-de-mulheres-na-tecnologia-para-voce-conhecer-e-participar,Date not found,"Essa comunidade nasceu em 2010, quando a Campus Party Brasil ainda estava come√ßando. Basicamente, v√°rias mulheres que iriam para a #CPBr de 2011 se conheceram no Twitter e se juntaram para compartilhar experi√™ncias e aprendizados. Naquela √©poca, o n√∫mero de mulheres que iam para o evento era min√∫sculo e muitas tinham receio. Nosso objetivo ent√£o, era nos encontrar e oferecer suporte umas para as outras, j√° que a maioria era homem e nos sent√≠amos um pouco intimidadas."
https://prensali.substack.com/p/10-comunidades-de-mulheres-na-tecnologia-para-voce-conhecer-e-participar,Date not found,"Com isso, acabamos desenvolvendo v√°rias atividades, dentre elas, discuss√µes nos palcos da CPBr sobre o papel da Mulher na √°rea de computa√ß√£o e √°reas afins. Ainda hoje, levamos essas discuss√µes para o evento, mas nosso n√≠vel de atividades est√° menos intenso devido aos compromissos de todas, afinal, o mundo mudou muito e v√°rias outras comunidades surgiram depois."
https://prensali.substack.com/p/10-comunidades-de-mulheres-na-tecnologia-para-voce-conhecer-e-participar,Date not found,"Digamos que o trabalho¬†ficou mais leve e agora n√£o somos mais a √∫nica comunidade de mulheres no evento, o que √© √≥timo! Fico mesmo muito feliz em saber que posso contar com outras mulheres que est√£o no mesmo barco."
https://prensali.substack.com/p/10-comunidades-de-mulheres-na-tecnologia-para-voce-conhecer-e-participar,Date not found,"A comunidade WoMakersCode foi fundada em 2015 pela Cynthia Zanoni, e √© considerada a maior comunidade de tecnologia, formada por mulheres, da Am√©rica Latina. O objetivo da comunidade √© tornar a carreira na tecnologia acess√≠vel para todas as mulheres."
https://prensali.substack.com/p/10-comunidades-de-mulheres-na-tecnologia-para-voce-conhecer-e-participar,Date not found,"Cynthia Zanoni √© reconhecida como uma das mulheres t√©cnicas mais influentes da Am√©rica Latina e campe√£ em Impacto Social, sendo refer√™ncia na busca por equidade de g√™nero na tecnologia. Al√©m disso, a comunidade colabora com os Objetivos de Desenvolvimento Sustent√°vel da ONU de erradica√ß√£o da pobreza, educa√ß√£o de qualidade, igualdade de g√™nero, trabalho decente e crescimento econ√¥mico e redu√ß√£o das desigualdades."
https://prensali.substack.com/p/10-comunidades-de-mulheres-na-tecnologia-para-voce-conhecer-e-participar,Date not found,"No ano passado eu tive a oportunidade de participar de uma mentoria oferecida pela WoMakersCode em parceria com a Microsoft. Houve um processo de sele√ß√£o muito bem elaborado. As candidatas precisavam cumprir alguns requisitos como, por exemplo, fazer alguns cursos na plataforma da Microsoft dentro de um per√≠odo de tempo, contar a sua hist√≥ria e por que queria fazer a mentoria."
https://prensali.substack.com/p/10-comunidades-de-mulheres-na-tecnologia-para-voce-conhecer-e-participar,Date not found,A mentoria durou mais ou menos 2 meses e contou com 2/3 encontros semanais com mentores e mentoras realmente incr√≠veis. Durante a mentoria fomos preparadas para tirar a certifica√ß√£o da Azure AI fundamentals da Microsoft e fizemos a prova ao final.
https://prensali.substack.com/p/10-comunidades-de-mulheres-na-tecnologia-para-voce-conhecer-e-participar,Date not found,Foi uma experi√™ncia realmente √∫nica em que eu pude aprender muito e conhecer a hist√≥ria de muita gente. A WoMakersCode sempre tem iniciativas como essas ent√£o fique atenta ao site e redes sociais da comunidade!
https://prensali.substack.com/p/10-comunidades-de-mulheres-na-tecnologia-para-voce-conhecer-e-participar,Date not found,"A comunidade foi fundada por Ciranda de Morais que √© mestre em Pol√≠ticas Sociais e criadora da Teoria das Portas de Vidro. Ela tamb√©m recebeu a Medalha de Honra Juscelino Kubitschek destinada a reconhecer o m√©rito c√≠vico de servi√ßos de relev√¢ncia √† coletividade, que contribuam para o desenvolvimento do Pa√≠s. Assim como WoMack Code, a comunidade She's Tech tamb√©m acredita no fortalecimento da presen√ßa feminina no mercado de tecnologia.¬†"
https://prensali.substack.com/p/10-comunidades-de-mulheres-na-tecnologia-para-voce-conhecer-e-participar,Date not found,"Um dos grandes desafios existentes na √°rea √© que se acredita que a tecnologia/computa√ß√£o √© apenas para homens, quando isso nunca foi verdade. Este √© um dos pontos que She‚Äôs Tech trabalha, a desmistifica√ß√£o desse mito. A comunidade realiza anualmente o She‚Äôs Tech Conference onde muitas mulheres compartilham conhecimento, criam uma rede de contatos e realizam monitorias individuais para impulsionar a carreira. No ano passado tive o prazer de ministrar uma palestra no evento e foi uma experi√™ncia realmente √∫nica."
https://prensali.substack.com/p/10-comunidades-de-mulheres-na-tecnologia-para-voce-conhecer-e-participar,Date not found,"PyLadies √© uma comunidade internacional que tem n√∫cleos em v√°rias cidades atuando como pontos para atrair e levar mais mulheres para a tecnologia atrav√©s do Python, mas n√£o unicamente. O desejo delas era o mesmo do nosso (#GarotasCPBr) e de v√°rias outras l√≠deres de comunidades: n√£o √© poss√≠vel que s√≥ tem isso de mulher nos cursos de computa√ß√£o! Essa indigna√ß√£o movimenta as mulheres a fazerem algo a respeito, viu gente!"
https://prensali.substack.com/p/10-comunidades-de-mulheres-na-tecnologia-para-voce-conhecer-e-participar,Date not found,"A comunidade tem um logo padr√£o mas cada n√∫cleo pode estilizar o seu pr√≥prio logo e eu acho isso super incr√≠vel! Em 2019, quando comecei meu doutorado na UFSCar em S√£o Carlos, eu consegui entrar para a comunidade e conheci pessoas incr√≠veis l√°. Em um dado momento n√≥s realizamos um evento em parceria com o ONovoLab e eu pude ministrar uma palestra sobre Machine Learning. Aquela experi√™ncia foi muito boa e eu nunca vou esquecer."
https://prensali.substack.com/p/10-comunidades-de-mulheres-na-tecnologia-para-voce-conhecer-e-participar,Date not found,"Assim como as PyLadies, as RLadies tamb√©m s√£o uma comunidade internacional com n√∫cleos espalhados pelo mundo inteiro. O principal objetivo da comunidade RLadies √© aumentar a representatividade feminina dentro da comunidade R. Elas apoiam entusiastas de g√™nero minorit√°rios - cis/trans, homens trans, n√£o-bin√°rios, genderqueer, agender - a alcan√ßar seu potencial de programa√ß√£o, construindo uma rede global colaborativa de l√≠deres, mentores, alunos e desenvolvedores de R para facilitar o progresso individual e coletivo em todo o mundo.¬†"
https://prensali.substack.com/p/10-comunidades-de-mulheres-na-tecnologia-para-voce-conhecer-e-participar,Date not found,"A comunidade brasileira realiza meetups com frequ√™ncia e h√° muito material dispon√≠vel no github, sem contar que h√° um grupo muito forte no slack onde √© poss√≠vel conversar, tirar d√∫vidas, aprender, conseguir oportunidades de emprego, descobrir e divulgar eventos, etc., eu inclusive estou l√°! Se voc√™ quer come√ßar com R, aqui √© o lugar ideal pra ti!"
https://prensali.substack.com/p/10-comunidades-de-mulheres-na-tecnologia-para-voce-conhecer-e-participar,Date not found,"Elas Programam foi fundada pela Silvia Coelho e √© uma consultoria especializada em desenvolver solu√ß√µes para impulsionar a carreira de mulheres no mercado de tecnologia. Elas possuem um podcast muito legal onde contam hist√≥rias incr√≠veis de mulheres na tecnologia que inspiram mais mulheres a irem para a √°rea. Al√©m disso, a Silvia fornece turmas de mentoria para quem precisa dar aquela impulsionada na carreira. Conheci a Silvia pessoalmente na Campus Party Brasil, assim como a Ciranda tamb√©m! Quando voltarmos ao ‚Äúnormal‚Äù, espero que voc√™s tamb√©m possam conhec√™-las pessoalmente."
https://prensali.substack.com/p/10-comunidades-de-mulheres-na-tecnologia-para-voce-conhecer-e-participar,Date not found,"O principal objetivo da comunidade Programaria, a esta altura do artigo, voc√™s j√° devem saber. Sim, esse a√≠ mesmo: ‚ÄúEmpoderar mulheres atrav√©s da tecnologia diminuindo o gap de g√™nero no mercado de trabalho. √â isso que fazemos.‚Äù"
https://prensali.substack.com/p/10-comunidades-de-mulheres-na-tecnologia-para-voce-conhecer-e-participar,Date not found,"A comunidade foi fundada por mulheres jornalistas e designers que querem aprender a programar! Inclusive no site da comunidade tem um relat√≥rio bem legal sobre a porcentagem de mulheres atuando no mercado de tecnologia. Recomendo fortemente que leiam! Elas t√™m v√°rias iniciativas, ent√£o √© bom ficar de olho nas redes sociais para acompanhar as oportunidades."
https://prensali.substack.com/p/10-comunidades-de-mulheres-na-tecnologia-para-voce-conhecer-e-participar,Date not found,"A laboratoria ajuda mulheres a se colocarem no mercado de trabalho por meio de mentorias, bootcamps e atividades relacionadas - nesse momento, inclusive, est√° acontecendo um desafio. Elas atuam em v√°rios pa√≠ses da Am√©rica Latina e possuem uma metodologia √∫nica para ensinar programa√ß√£o. Se voc√™ quer conseguir com uma certa rapidez o seu primeiro emprego, aqui √© o lugar certo."
https://prensali.substack.com/p/10-comunidades-de-mulheres-na-tecnologia-para-voce-conhecer-e-participar,Date not found,"GRACE significa GRupo de Alunas de Ci√™ncias Exatas, mas tamb√©m √© o sobrenome de uma grande pesquisadora importante da Computa√ß√£o. O Grace √© um grupo da USP S√£o Carlos, n√£o √© exatamente uma comunidade como as que eu vinha citando at√© agora, mas tem uma fun√ß√£o parecida. A principal diferen√ßa est√° no p√∫blico-alvo."
https://prensali.substack.com/p/10-comunidades-de-mulheres-na-tecnologia-para-voce-conhecer-e-participar,Date not found,"Grace foca em meninas do ensino fundamental e m√©dio, enquanto as outras comunidades citadas focam mais em mulheres que est√£o na gradua√ß√£o, se formando ou at√© mesmo em transi√ß√£o de carreira. O GRACE est√° inserido no contexto do Programa Nacional Meninas Digitais da SBC que incentiva institui√ß√µes em projetos para atra√ß√£o de meninas do ensino fundamental e m√©dio a cursarem inform√°tica.¬†"
https://prensali.substack.com/p/10-comunidades-de-mulheres-na-tecnologia-para-voce-conhecer-e-participar,Date not found,"Essa √© a √∫ltima iniciativa dessa lista a favor de mais mulheres na tecnologia e √°reas afins. O projeto existe h√° mais de 10 anos, foi criado em Mato Grosso do Sul, se expandiu e j√° influenciou mais de 18 mil pessoas. V√°rias universidades t√™m o programa, e sim, esse √© um projeto realizado pela Universidade para a Sociedade, portanto n√£o √© uma ONG ou uma iniciativa privada."
https://prensali.substack.com/p/10-comunidades-de-mulheres-na-tecnologia-para-voce-conhecer-e-participar,Date not found,"O site conta com v√°rios materiais, v√°rios eventos tamb√©m s√£o realizados e existem outros projetos parceiros. Se voc√™ conhece algu√©m que est√° no ensino fundamental ou m√©dio, e que queira aprender mais sobre computa√ß√£o, indique esse programa!"
https://prensali.substack.com/p/10-comunidades-de-mulheres-na-tecnologia-para-voce-conhecer-e-participar,Date not found,"Com isso, apresentei 10 comunidades de mulheres na tecnologia que est√£o fazendo a diferen√ßa na vida das pessoas. Se voc√™ conhece outras comunidades, me mande via Linkedin, eu ficarei feliz! Gostou deste artigo? Ent√£o compartilhe com outras pessoas!¬†A gente se v√™ no pr√≥ximo. Obrigada por seu apoio."
https://prensali.substack.com/p/10-comunidades-de-mulheres-na-tecnologia-para-voce-conhecer-e-participar,Date not found,Este artigo foi escrito por Elaine Cec√≠lia Gatto - Cissa e publicado originalmente em Prensa.li.
https://prensali.substack.com/p/10-comunidades-de-mulheres-na-tecnologia-para-voce-conhecer-e-participar,Date not found,Nenhuma publica√ß√£o
https://prensali.substack.com/p/10-comunidades-de-mulheres-na-tecnologia-para-voce-conhecer-e-participar,Date not found,Pronto para mais?
https://dev.to/feministech/comunidades-organizacoes-e-iniciativas-de-tecnologia-para-meninas-e-mulheres-1i8d,Date not found,"
                      Posted on Mar 9, 2023

                      ‚Ä¢ Updated on Mar 13, 2023
"
https://dev.to/feministech/comunidades-organizacoes-e-iniciativas-de-tecnologia-para-meninas-e-mulheres-1i8d,Date not found,"Nesta celebra√ß√£o do WeCoded, quero aproveitar para compartilhar com todes, iniciativas de diversidade, inclus√£o e pertencimento que impactam a vida de diversas pessoas de grupos menos representados dentro da tecnologia."
https://dev.to/feministech/comunidades-organizacoes-e-iniciativas-de-tecnologia-para-meninas-e-mulheres-1i8d,Date not found,Essa lista foi extra√≠da de um projeto que organizo dentro do GitHub e pode ser encontrado aqui.
https://dev.to/feministech/comunidades-organizacoes-e-iniciativas-de-tecnologia-para-meninas-e-mulheres-1i8d,Date not found,"A Feministech √© um grupo de pessoas que se identificam no feminino e n√£o-bin√°ries que produzem, consumem e compartilham conte√∫do sobre tecnologia, em um ambiente diverso e inclusivo.
Links: https://feministech.com.br/"
https://dev.to/feministech/comunidades-organizacoes-e-iniciativas-de-tecnologia-para-meninas-e-mulheres-1i8d,Date not found,"Somos um grupo de mulheres que curtem Java que est√£o aprendendo, iniciando a carreira ou j√° estamos seniores nesta √°rea. Sabemos que juntas somos mais fortes!
Links: https://twitter.com/devsjavagirl"
https://dev.to/feministech/comunidades-organizacoes-e-iniciativas-de-tecnologia-para-meninas-e-mulheres-1i8d,Date not found,"Da engenharia √† lideran√ßa, conectamos mulheres que querem fazer a diferen√ßa na tecnologia e inova√ß√£o.
Links: https://womakerscode.org"
https://dev.to/feministech/comunidades-organizacoes-e-iniciativas-de-tecnologia-para-meninas-e-mulheres-1i8d,Date not found,"A Brazilians in Tech √© uma organiza√ß√£o para conectar e apoiar mulheres Brasileiras que estejam estudando e atuando em √°reas relacionadas a tecnologia.
Links: https://braziliansintech.com/"
https://dev.to/feministech/comunidades-organizacoes-e-iniciativas-de-tecnologia-para-meninas-e-mulheres-1i8d,Date not found,"A miss√£o da PrograMaria √© empoderar meninas e mulheres por meio da tecnologia e programa√ß√£o. O projeto hoje conta com eventos e o curso Eu Progra{amo}, que tem como objetivo inserir mulheres e pessoas n√£o-bin√°rias no universo da programa√ß√£o, atrav√©s de uma introdu√ß√£o ao desenvolvimento para a web.
Links: https://www.programaria.org/"
https://dev.to/feministech/comunidades-organizacoes-e-iniciativas-de-tecnologia-para-meninas-e-mulheres-1i8d,Date not found,"A WGJBR √© uma maratona de desenvolvimento de jogos, e tem como foco mulheres cis, trans e pessoas n√£o-bin√°rias, al√©m de ser um evento n√£o competitivo, o que cria um ambiente mais confort√°vel e encorajador para a aprendizagem, cria√ß√£o de portf√≥lio, troca de experi√™ncias entre novates e veteranes da ind√∫stria e o mais importante, o fortalecimento da comunidade de desenvolvimento de jogos local.
Links: https://womengamejam.org/pt/"
https://dev.to/feministech/comunidades-organizacoes-e-iniciativas-de-tecnologia-para-meninas-e-mulheres-1i8d,Date not found,"A Se Joga! √© uma plataforma que busca inserir mais as mulheres e pessoas n√£o-bin√°rias no mercado e no ambiente de jogos digitais com seguran√ßa, divers√£o e inclus√£o.
Links: http://www.sejoga.net/"
https://dev.to/feministech/comunidades-organizacoes-e-iniciativas-de-tecnologia-para-meninas-e-mulheres-1i8d,Date not found,"O PyLadies √© uma comunidade mundial que foi trazida ao Brasil com o prop√≥sito de instigar mais mulheres a entrarem na √°rea tecnol√≥gica. Existem PyLadies em diversas regi√µes do pa√≠s.
Links: http://brasil.pyladies.com/"
https://dev.to/feministech/comunidades-organizacoes-e-iniciativas-de-tecnologia-para-meninas-e-mulheres-1i8d,Date not found,"A {reprograma} √© uma iniciativa de impacto social que foca em ensinar programa√ß√£o para mulheres cis e trans que n√£o t√™m recursos e/ou oportunidades para aprender a programar.
Links: https://reprograma.com.br/"
https://dev.to/feministech/comunidades-organizacoes-e-iniciativas-de-tecnologia-para-meninas-e-mulheres-1i8d,Date not found,"O Minas Programam √© uma iniciativa criada em 2015 para desafiar os estere√≥tipos de g√™nero e de ra√ßa que influenciam nossa rela√ß√£o com as √°reas de ci√™ncias, tecnologia e computa√ß√£o. Promovemos oportunidades de aprendizado sobre programa√ß√£o para meninas e mulheres, priorizando √†quelas que s√£o negras ou ind√≠genas.
Links: https://minasprogramam.com/"
https://dev.to/feministech/comunidades-organizacoes-e-iniciativas-de-tecnologia-para-meninas-e-mulheres-1i8d,Date not found,"A MariaLab √© uma associa√ß√£o sem fins lucrativos, sem v√≠nculo pol√≠tico-partid√°rio e com empresas do setor privado, que atua na intersec√ß√£o entre pol√≠tica, g√™nero e suas tecnologias.
Links: https://www.marialab.org/"
https://dev.to/feministech/comunidades-organizacoes-e-iniciativas-de-tecnologia-para-meninas-e-mulheres-1i8d,Date not found,"Comunidade voltada √†s mulheres que desenvolvem ou tem curiosidade sobre React e React Native.
Links: https://linktr.ee/womenthatreact"
https://dev.to/feministech/comunidades-organizacoes-e-iniciativas-de-tecnologia-para-meninas-e-mulheres-1i8d,Date not found,"O Women Techmakers √© um programa da Google para incentivar as mulheres na √°rea de tecnologia.
Links: https://www.instagram.com/wtmbrasil/"
https://dev.to/feministech/comunidades-organizacoes-e-iniciativas-de-tecnologia-para-meninas-e-mulheres-1i8d,Date not found,"A Comunidade SysAdminas √© um grupo inclusivo e sem fins lucrativos que fornece uma rede de apoio para mulheres que desejam aprender conte√∫dos relacionados a Infraestrutura de TI em um ambiente seguro e acolhedor. O objetivo com essa iniciativa √© incentivar a participa√ß√£o de mulheres na √°rea de tecnologia no Brasil.
Links: https://sysadminas.com.br/#"
https://dev.to/feministech/comunidades-organizacoes-e-iniciativas-de-tecnologia-para-meninas-e-mulheres-1i8d,Date not found,"Uma luta pelo fim da disparidade de g√™nero no mercado da tecnologia.
Links: https://www.instagram.com/techsforwomen/"
https://dev.to/feministech/comunidades-organizacoes-e-iniciativas-de-tecnologia-para-meninas-e-mulheres-1i8d,Date not found,"A Hack Grrrl √© uma hackathon de maioria feminina, evento para desenvolvimento de aplica√ß√µes com dura√ß√£o entre 24 a 48 horas, que busca reunir equipes multidisciplinares para resolver um problema de acordo com o tema apresentado. Fundada 2019 em Recife-PE, sua primeira edi√ß√£o contou com 26 participantes de forma presencial para cria√ß√£o de solu√ß√µes em Igualdade de G√™nero.
Links: https://www.hackgrrrl.com/"
https://dev.to/feministech/comunidades-organizacoes-e-iniciativas-de-tecnologia-para-meninas-e-mulheres-1i8d,Date not found,"Somos um coletivo que transmite conceitos sobre o uso da internet e a constru√ß√£o de uma p√°gina web. √â voltado para meninas estudantes da rede p√∫blica de ensino, que vivem nas zonas perif√©ricas da cidade de S√£o Paulo.
Links: http://maismeninasnatecnologia.com/"
https://dev.to/feministech/comunidades-organizacoes-e-iniciativas-de-tecnologia-para-meninas-e-mulheres-1i8d,Date not found,"Projeto desenvolvido para promover a equidade de g√™nero na √°rea tech e unir mulheres.
Links: https://linktr.ee/elaspor"
https://dev.to/feministech/comunidades-organizacoes-e-iniciativas-de-tecnologia-para-meninas-e-mulheres-1i8d,Date not found,"Comunidade Tech sem fins lucrativos exclusiva e inclusiva. Trabalhando em conjunto para conquistar nosso espa√ßo.
Links: https://www.instagram.com/beestrongcode/"
https://dev.to/feministech/comunidades-organizacoes-e-iniciativas-de-tecnologia-para-meninas-e-mulheres-1i8d,Date not found,"O Programa Meninas Digitais tem como objetivo divulgar a √°rea de Computa√ß√£o e suas tecnologias para despertar o interesse de meninas estudantes do ensino m√©dio (nas suas diversas modalidades) e dos anos finais do ensino fundamental, para que estas conhe√ßam melhor a √°rea e sintam-se motivadas em seguir uma carreira em Computa√ß√£o.
Links: https://meninas.sbc.org.br/"
https://dev.to/feministech/comunidades-organizacoes-e-iniciativas-de-tecnologia-para-meninas-e-mulheres-1i8d,Date not found,"A Plataforma WiiT √© um ambiente de engajamento e conhecimento, que promove o fortalecimento das mulheres que atuam nas √°rea de STEM por meio de um ecossistema integrado com conte√∫dos inspiradores.
Links: https://wiitbrasil.com.br/"
https://dev.to/feministech/comunidades-organizacoes-e-iniciativas-de-tecnologia-para-meninas-e-mulheres-1i8d,Date not found,"Somos uma Edtech feita por e para mulheres negras que atrav√©s do impacto social amplia empregabilidade no mercado digital.
Links: https://www.uxparaminaspretas.com.br/"
https://dev.to/feministech/comunidades-organizacoes-e-iniciativas-de-tecnologia-para-meninas-e-mulheres-1i8d,Date not found,"Elas Programam existe para aumentar a presen√ßa de mulheres no mercado de tecnologia.
Links: https://linktr.ee/elasprogramam"
https://dev.to/feministech/comunidades-organizacoes-e-iniciativas-de-tecnologia-para-meninas-e-mulheres-1i8d,Date not found,"Somos uma plataforma que conecta mulheres negras que s√£o ou gostariam de ser da tecnologia, por meio dos nossos ciclos formativos, rede de profissionais, mercado de trabalho, consultorias e estudos.
Links: https://www.pretalab.com/"
https://dev.to/feministech/comunidades-organizacoes-e-iniciativas-de-tecnologia-para-meninas-e-mulheres-1i8d,Date not found,"O STEM para as Minas surge nas plataformas digitais como um projeto de dissemina√ß√£o de oportunidades do mundo da matem√°tica, da engenharia, das √°reas de tecnologia e ci√™ncias para meninas e mulheres (cis e trans), em raz√£o do baixa ader√™ncia das mesmas nessas comunidades.
Links: https://www.stemparaminas.com/"
https://dev.to/feministech/comunidades-organizacoes-e-iniciativas-de-tecnologia-para-meninas-e-mulheres-1i8d,Date not found,"Evento que surgiu da vontade de unir as mulheres de TI da regi√£o da Para√≠ba para discutir tecnologia e a presen√ßa da mulher no mercado de trabalho.
Links: https://www.mulhertechsimsr.com.br/"
https://dev.to/feministech/comunidades-organizacoes-e-iniciativas-de-tecnologia-para-meninas-e-mulheres-1i8d,Date not found,"A Laborat√≥ria possibilita que mulheres que sonham com um futuro melhor comecem uma carreira transformadora e promissora na √°rea de tecnologia.
Links: https://www.laboratoria.la/br"
https://dev.to/feministech/comunidades-organizacoes-e-iniciativas-de-tecnologia-para-meninas-e-mulheres-1i8d,Date not found,"Comunidade para todas as mulheres de produto e tech. Conte√∫do sobre produto feito por mulheres para todes!
Links: https://linkme.bio/mulheresdeproduto"
https://dev.to/feministech/comunidades-organizacoes-e-iniciativas-de-tecnologia-para-meninas-e-mulheres-1i8d,Date not found,"A comunidade Test Girls tem a miss√£o de oferecer √†s mulheres um espa√ßo seguro para aprendizado, crescimento e networking. Carreira, tecnologia e qualidade.
Links: https://testgirls.com.br/"
https://dev.to/feministech/comunidades-organizacoes-e-iniciativas-de-tecnologia-para-meninas-e-mulheres-1i8d,Date not found,"O Cloud Girls proporciona √†s suas participantes a possibilidade de aperfei√ßoamento, recoloca√ß√£o, networking e muita divers√£o em um momento exclusivo para as mulheres.
Links: https://www.cloudgirls.com.br/"
https://dev.to/feministech/comunidades-organizacoes-e-iniciativas-de-tecnologia-para-meninas-e-mulheres-1i8d,Date not found,"Projeto de extens√£o com objetivo de despertar o interesse de aprendizes de todos os g√™neros do Ensino Fundamental e M√©dio na Regi√£o Metropolitana de Bel√©m do Par√° pelas carreiras em Ci√™ncias Exatas, visando principalmente a equidade de g√™nero em cursos de Computa√ß√£o.
Links: https://www.manasdigitais.com/"
https://dev.to/feministech/comunidades-organizacoes-e-iniciativas-de-tecnologia-para-meninas-e-mulheres-1i8d,Date not found,"As Django Girls organizam workshops gratuitos de Python e Django, criam tutoriais on-line de c√≥digo aberto e organizam experi√™ncias incr√≠veis com tecnologia.
Links: https://djangogirls.org/"
https://dev.to/feministech/comunidades-organizacoes-e-iniciativas-de-tecnologia-para-meninas-e-mulheres-1i8d,Date not found,"O Rails Girls, que tem no mundo inteiro, inclusive no Brasil, √© um projeto sem fins lucrativos, que proporciona a mulheres de todas as idades e que tem pouca ou nenhuma experi√™ncia com programa√ß√£o uma √≥tima experi√™ncia inicial em desenvolvimento de software. A ideia √© mostrar que TI n√£o √© um ""bicho de sete cabe√ßas"" e que elas podem, SIM, fazer parte desse mundo!
Links: http://railsgirls.com/"
https://dev.to/feministech/comunidades-organizacoes-e-iniciativas-de-tecnologia-para-meninas-e-mulheres-1i8d,Date not found,"R-Ladies √© uma organiza√ß√£o mundial, tamb√©m presente no Brasil, cuja miss√£o √© promover a diversidade de g√™nero na comunidade R.
Links: https://www.rladies.org/"
https://dev.to/feministech/comunidades-organizacoes-e-iniciativas-de-tecnologia-para-meninas-e-mulheres-1i8d,Date not found,"Girls Who Code tem a miss√£o de fechar a lacuna de g√™nero na tecnologia e mudar a imagem de como uma pessoa programadora se parece e faz.
Links: https://girlswhocode.com/"
https://dev.to/feministech/comunidades-organizacoes-e-iniciativas-de-tecnologia-para-meninas-e-mulheres-1i8d,Date not found,"O iamtheCODE visa capacitar 1 milh√£o de mulheres e meninas programadoras at√© 2030.
Links: https://www.iamthecode.org/"
https://dev.to/feministech/comunidades-organizacoes-e-iniciativas-de-tecnologia-para-meninas-e-mulheres-1i8d,Date not found,"Uma comunidade de mulheres em UX que se apoiam, ultrapassam os limites da UX e promovem habilidades e talentos.
Links: https://ladiesthatux.com/"
https://dev.to/feministech/comunidades-organizacoes-e-iniciativas-de-tecnologia-para-meninas-e-mulheres-1i8d,Date not found,"Conectamos, inspiramos e orientamos mulheres em computa√ß√£o e organiza√ß√µes que veem a inova√ß√£o tecnol√≥gica como um imperativo estrat√©gico. Nossa empresa social apoia mulheres em √°reas t√©cnicas, bem como as organiza√ß√µes que as empregam e as institui√ß√µes acad√™micas que treinam a pr√≥xima gera√ß√£o.
Links: https://anitab.org/"
https://dev.to/feministech/comunidades-organizacoes-e-iniciativas-de-tecnologia-para-meninas-e-mulheres-1i8d,Date not found,"Lesbians Who Tech √© uma comunidade de mulheres LGBTQ, n√£o-bin√°rias e pessoas trans dentro e ao redor da tecnologia (e as pessoas que nos apoiam).
Links: https://lesbianswhotech.org/"
https://dev.to/feministech/comunidades-organizacoes-e-iniciativas-de-tecnologia-para-meninas-e-mulheres-1i8d,Date not found,"Gostou do conte√∫do? Sinta-se livre para contribuir, complementando-o com seus coment√°rios."
https://dev.to/feministech/comunidades-organizacoes-e-iniciativas-de-tecnologia-para-meninas-e-mulheres-1i8d,Date not found,Obrigada por ter lido at√© aqui e deixo o canal aberto para troca de ideias e feedbacks.
https://dev.to/feministech/comunidades-organizacoes-e-iniciativas-de-tecnologia-para-meninas-e-mulheres-1i8d,Date not found,Templates let you quickly answer FAQs or store snippets for re-use.
https://dev.to/feministech/comunidades-organizacoes-e-iniciativas-de-tecnologia-para-meninas-e-mulheres-1i8d,Date not found,"Parab√©ns pelo post e esse longo comp√™ndio de iniciativas, Morgana! üéâ Me d√° uma alegria imensa em ver tantas iniciativas brasileiras na lista!"
https://dev.to/feministech/comunidades-organizacoes-e-iniciativas-de-tecnologia-para-meninas-e-mulheres-1i8d,Date not found,"Obrigada, Rai. Fico feliz que tenha gostado! Tamb√©m tenho um orgulho enorme de termos tantas iniciativas no Brasil. E com certeza tem muito mais que isso!"
https://dev.to/feministech/comunidades-organizacoes-e-iniciativas-de-tecnologia-para-meninas-e-mulheres-1i8d,Date not found,Great post.
https://dev.to/feministech/comunidades-organizacoes-e-iniciativas-de-tecnologia-para-meninas-e-mulheres-1i8d,Date not found,"Thanks, Windya!"
https://dev.to/feministech/comunidades-organizacoes-e-iniciativas-de-tecnologia-para-meninas-e-mulheres-1i8d,Date not found,"obrigada por tudo, morgs! principalmente por estar com a gente sempre por #MaisMeninasNaTecnologia"
https://dev.to/feministech/comunidades-organizacoes-e-iniciativas-de-tecnologia-para-meninas-e-mulheres-1i8d,Date not found,"Tamo junta sempre, Lari! <3"
https://dev.to/feministech/comunidades-organizacoes-e-iniciativas-de-tecnologia-para-meninas-e-mulheres-1i8d,Date not found,"
        Are you sure you want to hide this comment? It will become hidden in your post, but will still be visible via the comment's permalink.
      "
https://dev.to/feministech/comunidades-organizacoes-e-iniciativas-de-tecnologia-para-meninas-e-mulheres-1i8d,Date not found,Hide child comments as well
https://dev.to/feministech/comunidades-organizacoes-e-iniciativas-de-tecnologia-para-meninas-e-mulheres-1i8d,Date not found,"

          Confirm
        
"
https://dev.to/feministech/comunidades-organizacoes-e-iniciativas-de-tecnologia-para-meninas-e-mulheres-1i8d,Date not found,"For further actions, you may consider blocking this person and/or reporting abuse"
https://dev.to/feministech/comunidades-organizacoes-e-iniciativas-de-tecnologia-para-meninas-e-mulheres-1i8d,Date not found,"
              Media Geneous (MediaGeneous) - Aug 4
"
https://dev.to/feministech/comunidades-organizacoes-e-iniciativas-de-tecnologia-para-meninas-e-mulheres-1i8d,Date not found,"
              spO0q üêí - Aug 4
"
https://dev.to/feministech/comunidades-organizacoes-e-iniciativas-de-tecnologia-para-meninas-e-mulheres-1i8d,Date not found,"
              Mayuresh Surve - Aug 4
"
https://dev.to/feministech/comunidades-organizacoes-e-iniciativas-de-tecnologia-para-meninas-e-mulheres-1i8d,Date not found,"
              Chinmay Tonape - Aug 4
"
https://dev.to/feministech/comunidades-organizacoes-e-iniciativas-de-tecnologia-para-meninas-e-mulheres-1i8d,Date not found,"
DEV Community ‚Äî A constructive and inclusive social network for software developers. With you every step of your journey.
    "
https://dev.to/feministech/comunidades-organizacoes-e-iniciativas-de-tecnologia-para-meninas-e-mulheres-1i8d,Date not found,Built on Forem ‚Äî the open source software that powers DEV and other inclusive communities.
https://dev.to/feministech/comunidades-organizacoes-e-iniciativas-de-tecnologia-para-meninas-e-mulheres-1i8d,Date not found,Made with love and Ruby on Rails. DEV Community ¬© 2016 - 2024.
https://dev.to/feministech/comunidades-organizacoes-e-iniciativas-de-tecnologia-para-meninas-e-mulheres-1i8d,Date not found,"
          We're a place where coders share, stay up-to-date and grow their careers.
      "
https://pt.linkedin.com/pulse/lista-de-comunidades-e-iniciativas-para-mulheres-na-%C3%A1rea-pereira,Date not found,"
                Aceite e cadastre-se no LinkedIn
              "
https://pt.linkedin.com/pulse/lista-de-comunidades-e-iniciativas-para-mulheres-na-%C3%A1rea-pereira,Date not found,"
      Ao clicar em Continuar para se cadastrar ou entrar, voc√™ aceita o Contrato do Usu√°rio, a Pol√≠tica de Privacidade e a Pol√≠tica de Cookies do LinkedIn.
    "
https://pt.linkedin.com/pulse/lista-de-comunidades-e-iniciativas-para-mulheres-na-%C3%A1rea-pereira,Date not found,"
                Crie sua conta gratuita ou entre para continuar sua pesquisa
              "
https://pt.linkedin.com/pulse/lista-de-comunidades-e-iniciativas-para-mulheres-na-%C3%A1rea-pereira,Date not found,
https://pt.linkedin.com/pulse/lista-de-comunidades-e-iniciativas-para-mulheres-na-%C3%A1rea-pereira,Date not found,"
              ou
            "
https://pt.linkedin.com/pulse/lista-de-comunidades-e-iniciativas-para-mulheres-na-%C3%A1rea-pereira,Date not found,"
                Nunca usou o LinkedIn? Cadastre-se agora
"
https://pt.linkedin.com/pulse/lista-de-comunidades-e-iniciativas-para-mulheres-na-%C3%A1rea-pereira,Date not found,"
                  ou
                "
https://pt.linkedin.com/pulse/lista-de-comunidades-e-iniciativas-para-mulheres-na-%C3%A1rea-pereira,Date not found,"
              Nunca usou o LinkedIn? Cadastre-se agora
"
https://pt.linkedin.com/pulse/lista-de-comunidades-e-iniciativas-para-mulheres-na-%C3%A1rea-pereira,Date not found,"Algumas semanas atr√°s li um artigo no Medium de Karen Church listando 80 eventos e iniciativas feito para integrar o p√∫blico feminino em eventos de tecnologia, a lista apresentava organiza√ß√µes localizadas nos Estados Unidos na Bay Area em S√£o Francisco. Minha contribui√ß√£o ser√° alocar informa√ß√µes sobre comunidades brasileiras nessa lista e apresentar uma livre tradu√ß√£o do citado artigo, tornando p√∫blico o dados publicados pelo artigo citado anteriormente e acrescentando dados de outros artigos encontrados que ser√£o citados em refer√™ncias ao final desse artigo."
https://pt.linkedin.com/pulse/lista-de-comunidades-e-iniciativas-para-mulheres-na-%C3%A1rea-pereira,Date not found,Voc√™ pode seguir estes eventos / programas / organiza√ß√µes citado por Karen Church atrav√©s desta lista no Twitter.
https://pt.linkedin.com/pulse/lista-de-comunidades-e-iniciativas-para-mulheres-na-%C3%A1rea-pereira,Date not found,"Presente em todo o mundo, a comunidade Rails Girls surgiu com o objetivo de ajudar mulheres a entender mais sobre tecnologia e a construir suas ideias a partir dela. Fundado pelas programadoras finlandesas Linda Liukas e Karri Saarinen, o grupo promove workshops em diversos lugares pelo mundo, incluindo as cidades de S√£o Paulo e Porto Alegre. S√£o 12 horas para as participantes aprenderem tudo o que puderem sobre Ruby on Rails. Na p√°gina da comunidade √© poss√≠vel consultar guias, apostilas, tutoriais, links √∫teis e todas as datas dos pr√≥ximos eventos.¬†Clique aqui para acessar o site do Rails Girls."
https://pt.linkedin.com/pulse/lista-de-comunidades-e-iniciativas-para-mulheres-na-%C3%A1rea-pereira,Date not found,"Women Who Code √© uma organiza√ß√£o sem fins lucrativos que pretende ajudar mulheres a se destacar¬†em carreiras tecnol√≥gicas. A comunidade est√° presente em 15 pa√≠ses, incluindo o Brasil, e j√° promoveu mais de 1 200 eventos pelo mundo. Dentre as iniciativas est√£o grupos de estudos sobre Ruby, Javascript, iOS, Android, Python e algoritmos, mentoria sobre carreira e lideran√ßa e incentivo para levar mais mulheres a hackathons, confer√™ncias e outros eventos da √°rea. No Brasil, h√° representantes da comunidade em¬†Campina Grande (PB),¬†Recife (PE)¬†e¬†Belo Horizonte (MG).¬†Clique aqui para acessar o site do Women Who Code."
https://pt.linkedin.com/pulse/lista-de-comunidades-e-iniciativas-para-mulheres-na-%C3%A1rea-pereira,Date not found,"O grupo internacional PyLadies foi criado por desenvolvedoras que s√£o apaixonadas pela linguagem de programa√ß√£o Python. Tanto programadoras quanto mulheres iniciantes que queiram saber mais sobre a linguagem podem participar do PyLadies e at√© mesmo representar o grupo caso ele ainda n√£o esteja presente em suas cidades ou pa√≠ses. No Brasil, √© poss√≠vel encontrar¬†l√≠deres da comunidade¬†em Natal (RN), Recife (PE), Bras√≠lia (DF), Rio de Janeiro (RJ) e S√£o Carlos (SP).¬†Clique aqui para acessar o site do PyLadies."
https://pt.linkedin.com/pulse/lista-de-comunidades-e-iniciativas-para-mulheres-na-%C3%A1rea-pereira,Date not found,"A comunidade brasileira surgiu no do Instituto Federal de Educa√ß√£o, Ci√™ncia e Tecnologia do Rio Grande do Norte para ajudar meninas estudantes do ensino m√©dio a seguir carreira em tecnologia. O programa faz parte do projeto Programar meu Futuro, que foi criado para mulheres que j√° estejam cursando gradua√ß√£o em tecnologia mas se sentem desmotivadas a continuar nessa √°rea. Com palestras e oficinas sobre programa√ß√£o e empreendedorismo, a a√ß√£o j√° conseguiu atrair mais de 500 meninas em um √∫nico evento, onde tiveram oportunidade de conhecer sobre o mundo da programa√ß√£o e do empreendedorismo.¬†Clique aqui para acessar o site do Code Girl."
https://pt.linkedin.com/pulse/lista-de-comunidades-e-iniciativas-para-mulheres-na-%C3%A1rea-pereira,Date not found,"O MariaLab √© um coletivo com sede em S√£o Paulo e tem como objetivo oferecer um espa√ßo colaborativo e gratuito para que as pessoas possam encontrar e executar projetos em parceria. A comunidade foi criada para dar mais espa√ßo √†s mulheres na √°rea da ci√™ncia e tecnologia. Dessa forma, elas podem aprender, compartilhar experi√™ncias e colocar projetos em pr√°tica. ¬ìO grupo √© voltado ao p√∫blico em geral, mas preferencialmente para aqueles que enfrentam dificuldades e preconceitos nesse campo de atua√ß√£o. Somos especialmente solid√°rias √†s pessoas trans¬î, afirma o site do projeto.¬†Clique aqui para saber mais sobre o MariaLab"
https://pt.linkedin.com/pulse/lista-de-comunidades-e-iniciativas-para-mulheres-na-%C3%A1rea-pereira,Date not found,"Apesar de ainda n√£o mostrar um relat√≥rio de diversidade t√£o justo para mulheres e minorias, o Google est√° engajado em incluir mais mulheres no mundo da tecnologia. Por isso, a companhia criou em 2012 o programa Women Techmakers. O projeto √© global e conta com eventos, cursos, workshops, encontros e comunidades virtuais onde mulheres e outros colaboradores podem compartilhar experi√™ncias e encorajar o p√∫blico feminino a seguir carreira na √°rea de tecnologia. O programa tamb√©m tem parceria com diversas comunidades para programadoras, como o Rails Girls e Women Who Code.¬†Clique aqui para saber mais sobre o Women Techmakers."
https://pt.linkedin.com/pulse/lista-de-comunidades-e-iniciativas-para-mulheres-na-%C3%A1rea-pereira,Date not found,"O WoMoz, uma comunidade que existe na Mozilla desde 2009. Representado no Brasil pela webdesigner Melissa Devens, o principal objetivo da iniciativa √© criar um ambiente mais agrad√°vel para mulheres e minorias que desejam se inserir no mundo da tecnologia. O projeto conta com 10 colaboradoras que se encontram regularmente para discutir sobre as iniciativas. Em mar√ßo, elas realizaram o primeiro evento do programa na pequena cidade de Gaurama, no Rio Grande do Sul, com uma semana de inclus√£o digital com mulheres que nunca mexeram em um computador. Qualquer pessoa, homem ou mulher, pode se inscrever para sugerir iniciativas e participar do projeto. Basta entrar no site e realizar um cadastro.¬†Clique aqui para saber mais sobre o WoMoz."
https://pt.linkedin.com/pulse/lista-de-comunidades-e-iniciativas-para-mulheres-na-%C3%A1rea-pereira,Date not found,"O projeto Meninas Digitais surgiu a partir de uma discuss√£o durante o evento Woman In Technology (WIT), da Sociedade Brasileira de Computa√ß√£o (SBC), a fim de motivar meninas do ensino m√©dio e tecnol√≥gico a seguir carreira nessa √°rea. Al√©m do apoio da SBC, a iniciativa tamb√©m conta com a ajuda de empresas e institui√ß√µes de ensino. Entre as iniciativas do projeto est√£o a realiza√ß√£o de eventos pelo pa√≠s e visitas a escolas com palestras e workshops.¬†Conhe√ßa mais sobre o projeto."
https://pt.linkedin.com/pulse/lista-de-comunidades-e-iniciativas-para-mulheres-na-%C3%A1rea-pereira,Date not found,"A organiza√ß√£o sem fins lucrativos surgiu no Brasil com objetivo de aumentar a participa√ß√£o feminina na √°rea de TI. Ao participar do projeto, homens e mulheres podem compartilhar experi√™ncias, capacitar e disseminar a tecnologia em suas comunidades por meio de encontros e workshops.¬†Saiba mais sobre a iniciativa."
https://pt.linkedin.com/pulse/lista-de-comunidades-e-iniciativas-para-mulheres-na-%C3%A1rea-pereira,Date not found,"O Technovation n√£o √© exatamente uma comunidade para unir mulheres programadoras. Trata-se de uma grande competi√ß√£o destinada a meninas na √°rea de tecnologia. O programa surgiu em 2010, na Calif√≥rnia, e hoje j√° promove competi√ß√µes em mais de 45 pa√≠ses. Nele, as participantes t√™m a possibilidade de desenvolver aplicativos e criar modelos de neg√≥cio para empreender. As equipes costumam ter entre 3 a 5 garotas com 10 a 18 anos de idade, que contam com mentoras e coordenadores de projetos. Os 10 melhores times t√™m a chance de ir para o Vale do Sil√≠cio para apresentar suas iniciativas e concorrer a 10 mil d√≥lares para lan√ßar a ideia no mercado.¬†Saiba mais sobre a competi√ß√£o."
https://pt.linkedin.com/pulse/lista-de-comunidades-e-iniciativas-para-mulheres-na-%C3%A1rea-pereira,Date not found,Uma iniciativa brasileira para fornecer aulas gratuitas de javascript para mulheres em um ambiente livre de homens.
https://pt.linkedin.com/pulse/lista-de-comunidades-e-iniciativas-para-mulheres-na-%C3%A1rea-pereira,Date not found,"JS4Girls √© um evento aut√¥nomo, gratuito e aberto para que o ensino de JavaScript possa chegar mais facilmente √†s mulheres que ainda n√£o sabem programar. Saiba mais sobre a iniciativa."
https://pt.linkedin.com/pulse/lista-de-comunidades-e-iniciativas-para-mulheres-na-%C3%A1rea-pereira,Date not found,"A ideia de realizar um evento que discutisse a inclus√£o social e a igualdade dentro do segmento de Tecnologia da Informa√ß√£o levou a graduanda em Tecnologia em Redes de Computadores, Ana Paula Louren√ßo, criar o Byte Girl em junho de 2015. Com uma equipe de apenas 9 volunt√°rios e 2 patrocinadores, ela conseguiu vender todos os ingressos para a primeira edi√ß√£o do evento, mais de 300 participantes na segunda e em 2017 o Byte Girl chega a sua 3¬™ edi√ß√£o, recebendo 12 palestras e convidados de todo o Brasil. Saiba mais sobre o evento."
https://pt.linkedin.com/pulse/lista-de-comunidades-e-iniciativas-para-mulheres-na-%C3%A1rea-pereira,Date not found,"A RodAda Hacker √© uma rede focada no est√≠mulo √† apropria√ß√£o de novas tecnologias por meninas e mulheres, que se baseia na realiza√ß√£o de oficinas colaborativas especialmente desenhadas para o p√∫blico feminino. Os encontros, para quem quer imaginar e construir projetos incr√≠veis e recriar tecnologias da rede, ocorrem desde 2012 em diversas partes do pa√≠s.¬†Saiba mais sobre o projeto."
https://pt.linkedin.com/pulse/lista-de-comunidades-e-iniciativas-para-mulheres-na-%C3%A1rea-pereira,Date not found,"Tech Ladies Brasil √© uma iniciativa que conecta, ensina e empodera mulheres atrav√©s da tecnologia. A comunidade foi criada em mar√ßo de 2016, em Curitiba,¬†por Vanessa Romankiv a partir da sua percep√ß√£o e viv√™ncia quanto a baixa participa√ß√£o e alto √≠ndice de desist√™ncia das mulheres no mercado de tecnologia e em cursos acad√™micos. A rede Tech Ladies Brasil √© um espa√ßo movido por mulheres que dedicam seu tempo atrav√©s de trabalho volunt√°rio para a troca de conhecimento, ascens√£o profissional, desenvolvimento pessoal e valoriza√ß√£o da mulher. Saiba mais sobre a iniciativa."
https://pt.linkedin.com/pulse/lista-de-comunidades-e-iniciativas-para-mulheres-na-%C3%A1rea-pereira,Date not found,"O Minas Programam oferece um curso introdut√≥rio de programa√ß√£o de duas semanas na Avenida Paulista, S√£o Paulo, a cada ver√£o. Inclui 51 horas de treinamento em 13 dias e √© gratuito. Este curso est√° aberto a todos, mas especificamente orientados para as mulheres que com menos acesso ao treinamento t√©cnico. Saiba mais sobre o projeto."
https://pt.linkedin.com/pulse/lista-de-comunidades-e-iniciativas-para-mulheres-na-%C3%A1rea-pereira,Date not found,"A PretaLab √© uma iniciativa do Olabi que acredita no protagonismo das meninas e mulheres negras e ind√≠genas nos campos da inova√ß√£o e tecnologia como forma de reduzir as desigualdades sociais do pa√≠s. Nosso objetivo √© fazer um levantamento para coletar as hist√≥rias e desafios que enfrentamos, tornando vis√≠veis essas trajet√≥rias e estimulando que outras considerem esse universo como uma possibilidade. Saiba mais sobre a iniciativa."
https://pt.linkedin.com/pulse/lista-de-comunidades-e-iniciativas-para-mulheres-na-%C3%A1rea-pereira,Date not found,"Dado o n√∫mero ainda pequeno de mulheres falando em eventos (especialmente tecnologia) aqui no Brasil, uma planilha foi criada para dar visibilidade a essas mulheres e encorajar outras pessoas a come√ßar. Mulheres Palestrantes √© um projeto que mant√©m uma lista de mulheres que falam sobre temas relacionados √† programa√ß√£o, design, empreendedorismo e tecnologia em geral, este projeto nasceu tentando organizar os dados da planilha de forma mais visual, facilitando o acesso, reduzindo a duplica√ß√£o e facilitando a pesquisa. Conhe√ßa o projeto aqui."
https://pt.linkedin.com/pulse/lista-de-comunidades-e-iniciativas-para-mulheres-na-%C3%A1rea-pereira,Date not found,"InspirAda na Computa√ß√£o¬´ √© um espa√ßo de comunica√ß√£o colaborativa para dar voz √†s mulheres na computa√ß√£o, ci√™ncia e tecnologia."
https://pt.linkedin.com/pulse/lista-de-comunidades-e-iniciativas-para-mulheres-na-%C3%A1rea-pereira,Date not found,"Compartilhamos conte√∫do como forma de estimular mulheres para √°rea de computa√ß√£o, promover o acesso ao conhecimento t√©cnico e trazer como resultado a igualdade de oportunidades, uma nova cultura nos ambientes de trabalho e fomentar o interesse feminino para √°reas tecnol√≥gicas. Saiba mais sobre a iniciativa."
https://pt.linkedin.com/pulse/lista-de-comunidades-e-iniciativas-para-mulheres-na-%C3%A1rea-pereira,Date not found,"O¬†Salto na Computa√ß√£o¬†foi criado em 2014 com o intuito de divulgar a √°rea de teste de software assim como a rela√ß√£o das mulheres dentro do mercado de TI. Compartilhando¬†experi√™ncias, esclarecendo d√∫vidas e aprendendo cada vez mais. Saiba mais sobre o projeto."
https://pt.linkedin.com/pulse/lista-de-comunidades-e-iniciativas-para-mulheres-na-%C3%A1rea-pereira,Date not found,"Iniciativa Ada (FECHADO EM OUT 2015): uma organiza√ß√£o sem fins lucrativos que ap√≥ia as mulheres em tecnologia aberta e cultura atrav√©s de atividades como a produ√ß√£o de c√≥digos de conduta e pol√≠ticas anti-ass√©dio, defendendo a diversidade de g√™nero e ensinando habilidades aliadas. A maioria do que elas criam √© livremente dispon√≠vel, reutiliz√°vel e modific√°vel sob as licen√ßas Creative Commons. Elas fornecem uma s√©rie de eventos e workshops. Saiba mais sobre a iniciativa aqui."
https://pt.linkedin.com/pulse/lista-de-comunidades-e-iniciativas-para-mulheres-na-%C3%A1rea-pereira,Date not found,"Instituto Anita Borg: Fundado pela Dra. Anita Borg em 1994 como Instituto de Mulheres em Tecnologia e renomeado em sua homenagem em 2003, o Instituto Anita Borg est√° em miss√£o de aumentar o impacto das mulheres em todos os aspectos da tecnologia e aumentar o impacto positivo da tecnologia nas mulheres do mundo. Eles fornecem uma variedade de programas, comunidades e eventos projetados para se conectar, inspirar e orientar as mulheres na computa√ß√£o."
https://pt.linkedin.com/pulse/lista-de-comunidades-e-iniciativas-para-mulheres-na-%C3%A1rea-pereira,Date not found,"AspireIT: um programa fornecido pela comunidade NCWIT (National Center for Women & Information Technology) que liga as mulheres do col√©gio e da faculdade com garotas de 12 anos interessadas em computa√ß√£o. Usando um modelo pr√≥ximo, os l√≠deres de programas ensinam os fundamentos das meninas mais jovens na programa√ß√£o e no pensamento computacional em ambientes divertidos e criativos que s√£o apoiados por parceiros de programas da comunidade NCWIT. Elas visam fomentar a orienta√ß√£o com profissionais t√©cnicos, aumentar a confian√ßa das jovens em suas habilidades de computa√ß√£o e desenvolver valiosas habilidades de lideran√ßa. Saiba mais sobre o programa."
https://pt.linkedin.com/pulse/lista-de-comunidades-e-iniciativas-para-mulheres-na-%C3%A1rea-pereira,Date not found,"AWIS - Associa√ß√£o para mulheres na ci√™ncia: a AWIS √© uma organiza√ß√£o que defende os interesses das mulheres em ci√™ncia, engenharia tecnol√≥gica e matem√°tica (STEM) em todas as disciplinas e se√ß√µes de emprego. Eles visam quebrar barreiras e criar oportunidades atrav√©s de uma s√©rie de programas, incluindo advocacia, engajamento p√∫blico, lideran√ßa e desenvolvimento de talentos, cap√≠tulos e eventos locais, al√©m de programas de voluntariado e mentoria. A ades√£o a um cap√≠tulo local fornece aos membros oportunidades pr√°ticas de rede, participa√ß√£o em programas educacionais e aproveita as iniciativas de divulga√ß√£o da comunidade. Elas est√£o sempre procurando por volunt√°rios para servir como mentores, palestrantes, escritores, etc. Saiba mais sobre a inicitiva."
https://pt.linkedin.com/pulse/lista-de-comunidades-e-iniciativas-para-mulheres-na-%C3%A1rea-pereira,Date not found,"Bay Area Girl Geek Dinners: Girl Geek Dinners √© uma comunidade que realiza eventos de jantar para as mulheres que trabalham em tecnologia e os ajuda a encontrar inspira√ß√£o e orienta√ß√£o atrav√©s de redes, eventos sociais e conversas inspiradoras por influentes oradores. Os jantares s√£o patrocinados por uma empresa de tecnologia. O Google hospedou o primeiro Bay Area Girl Geek Dinner em janeiro de 2008 e, hoje, o Bay Area Girl Geek Dinners foi hospedado por um conjunto diversificado de empresas. Esta comunidade √© muito ativa e parece hospedar eventos regulares. Saiba mais sobre a iniciativa."
https://pt.linkedin.com/pulse/lista-de-comunidades-e-iniciativas-para-mulheres-na-%C3%A1rea-pereira,Date not found,"Black Founders: n√£o s√≥ para mulheres, a Black Founders √© uma organiza√ß√£o que foi iniciada em 2011 com o objetivo de capacitar empres√°rios e fornecer aos fundadores acesso a conselhos, mentoria e financiamento. Suas miss√µes s√£o ""aumentar o n√∫mero de empres√°rios negros bem sucedidos em tecnologia"". Eles hospedam eventos de networking e educacionais em S√£o Francisco e eles t√™m um novo programa de mentoria em breve. Saiba mais sobre a iniciativa."
https://pt.linkedin.com/pulse/lista-de-comunidades-e-iniciativas-para-mulheres-na-%C3%A1rea-pereira,Date not found,"Black Girls Code: Black Girls Code visa ""aumentar o n√∫mero de mulheres de negras no espa√ßo digital, capacitando meninas negras de 7 a 17 anos para se tornar inovadoras em campos STEM, l√≠deres em suas comunidades e construtores de seus pr√≥prios futuros atrav√©s da exposi√ß√£o para ci√™ncia e tecnologia da computa√ß√£o. ""Eles t√™m uma variedade de aulas, acampamentos de ver√£o e eventos de hack, em v√°rios locais, incluindo San Francisco / Bay Area. Eles t√™m muitas oportunidades de voluntariado e voc√™ pode ajudar de v√°rias maneiras (por exemplo, liderar uma aula, orientar estudantes, pesquisar, ajudar a divulgar a palavra, etc.). Ent√£o, uma √≥tima oportunidade para ajudar as pr√≥ximas superstars em tecnologia! Saiba mais sobre a iniciativa."
https://pt.linkedin.com/pulse/lista-de-comunidades-e-iniciativas-para-mulheres-na-%C3%A1rea-pereira,Date not found,"Bloc: um bootcamp de programa√ß√£o online que abrange os cursos de desenvolvimento m√≥vel, desenvolvimento web e design / UX. Eles tamb√©m oferecem um bom mentoria, combinando voc√™ com um mentor on-line para ajud√°-lo a atingir seus objetivos. Esta comunidade est√° aberta a homens e mulheres. Saiba mais sobre a iniciativa."
https://pt.linkedin.com/pulse/lista-de-comunidades-e-iniciativas-para-mulheres-na-%C3%A1rea-pereira,Date not found,"Cascade SF: N√£o feminino espec√≠fico. Cascade SF √© uma comunidade de designers (mais de 6K) que hospeda um evento chamado UX Night e oferece sess√µes de orienta√ß√£o para pessoas no espa√ßo design / UX. De acordo com seu site, eles hospedaram 2.200 sess√µes de orienta√ß√£o com os melhores designers em tecnologia no ano passado e seus eventos de orienta√ß√£o oferecem feedback, guia e orienta√ß√£o de carreira. Saiba mais sobre este evento."
https://pt.linkedin.com/pulse/lista-de-comunidades-e-iniciativas-para-mulheres-na-%C3%A1rea-pereira,Date not found,"Uma organiza√ß√£o que trabalha na ""interse√ß√£o de neg√≥cios e educa√ß√£o para assegurar que todos os alunos sejam alfabetizados com STEM, colaborando com escolas, comunidades e estados para adotar e implementar pol√≠ticas e programas de STEM excelentes"". Eles trabalham em todo os Estados Unidos e est√£o mais focados em envolver as empresas em vez de indiv√≠duos, mas se voc√™ estiver interessado em obter mais jovens (meninos e meninas) em geral envolvidos no STEM, esta organiza√ß√£o pode ser um ponto de contato √∫til . Saiba mais sobre a iniciativa."
https://pt.linkedin.com/pulse/lista-de-comunidades-e-iniciativas-para-mulheres-na-%C3%A1rea-pereira,Date not found,"Uma organiza√ß√£o sem fins lucrativos lan√ßada em 2013 com a miss√£o de expandir o acesso √† inform√°tica e aumentar a participa√ß√£o de mulheres e estudantes negros. Sua vis√£o √© que cada aluno em cada escola deve ter a oportunidade de aprender ci√™ncia da computa√ß√£o. H√° muitas maneiras pelas quais voc√™ pode se envolver e ajudar. Por exemplo, hospedando uma Hora do C√≥digo (um curso introdut√≥rio de uma hora projetado para desmistificar a ci√™ncia da computa√ß√£o e mostrar que qualquer pessoa pode aprender o b√°sico). Saiba mais sobre o projeto."
https://pt.linkedin.com/pulse/lista-de-comunidades-e-iniciativas-para-mulheres-na-%C3%A1rea-pereira,Date not found,"CodeChix √© uma organiza√ß√£o sem fins lucrativos dedicada √† ""Educa√ß√£o, Advocacia e Mentoria"", de mulheres engenheiras na ind√∫stria e na academia "". Seu objetivo √© aumentar o n√∫mero de mulheres engenheiras na ind√∫stria atrav√©s de v√°rios programas t√©cnicos e de mentoria / networking. Eles hospedam e realizam eventos, organizam competi√ß√µes em equipe, desenvolvem projetos de c√≥digo aberto e atuam ativamente. O CodeChix oferece uma s√©rie de cap√≠tulos locais, um dos quais est√° na Bay Area. Saiba mais sobre a inciativa."
https://pt.linkedin.com/pulse/lista-de-comunidades-e-iniciativas-para-mulheres-na-%C3%A1rea-pereira,Date not found,Codess √© uma comunidade para programadoras iniciada pela Microsoft. Foi estabelecido para explorar formas de promover a diversidade de g√™nero no campo da engenharia. Eles entregam uma s√©rie de eventos e workshops mundiais da academia at√© o n√≠vel executivo e hospedaram eventos em S√£o Francisco no passado. Saiba mais sobre a comunidade.
https://pt.linkedin.com/pulse/lista-de-comunidades-e-iniciativas-para-mulheres-na-%C3%A1rea-pereira,Date not found,"O Commonwealth Club of California √© o mais antigo e maior f√≥rum de assuntos p√∫blicos da na√ß√£o. Ele traz mais de 400 eventos anuais em temas que variam entre a pol√≠tica, a cultura, a sociedade e a economia para mais de 20 mil membros. O Club tem escrit√≥rios em San Francisco e San Jose, com eventos regulares em ambas as cidades. Embora n√£o visando expl√≠citamente as mulheres na tecnologia, eles tiveram eventos focados nas mulheres na tecnologia no passado. Saiba mais sobre o iniciativa."
https://pt.linkedin.com/pulse/lista-de-comunidades-e-iniciativas-para-mulheres-na-%C3%A1rea-pereira,Date not found,Sua miss√£o √© re-definir a imagem da Ci√™ncia da Computa√ß√£o (CS) / STEM e aumentar a fluidez digital das mulheres jovens atrav√©s do envolvimento e orienta√ß√£o do aluno. Eles organizam uma confer√™ncia anual que visa inspirar as mulheres jovens (entre 7 a 10) para explorar carreiras CS / STEM atrav√©s de divers√£o pr√°tica. Saiba mais sobre o evento.
https://pt.linkedin.com/pulse/lista-de-comunidades-e-iniciativas-para-mulheres-na-%C3%A1rea-pereira,Date not found,"Data Driven Women √© uma s√©rie de networking e eventos de palestrante que re√∫ne mulheres (e homens) apaixonadas por construir uma comunidade de tecnologia feminina mais forte. De acordo com eles, ""nosso nome n√£o vem do desejo de discutir apenas dados, mas sim de uma abordagem orientada a dados que nos permite trazer m√©tricas e medidas para diferentes t√≥picos como inova√ß√£o, empreendedorismo e tecnologia"". Eles pretendem se encontrar todos os meses no escrit√≥rio Brightrolls no centro de S√£o Francisco. Saiba mais sobre a iniciativa."
https://pt.linkedin.com/pulse/lista-de-comunidades-e-iniciativas-para-mulheres-na-%C3%A1rea-pereira,Date not found,"N√£o √© apenas para mulheres, √© uma comunidade para designers, thinkers, e makers com reuni√µes mensais em S√£o Francisco, Nova York, Los Angeles e Boston. Seus eventos apresentam conversa√ß√µes de especialistas em design, tecnologia, startups e ""todo tipo de geekery"". Voc√™ pode se inscrever no boletim informativo para se manter atualizado sobre os pr√≥ximos eventos. Saiba mais sobre a iniciativa."
https://pt.linkedin.com/pulse/lista-de-comunidades-e-iniciativas-para-mulheres-na-%C3%A1rea-pereira,Date not found,"Double Union √© um hacker/maker espace para mulheres em S√£o Francisco. A miss√£o deles √© criar um workshop comunit√°rio onde as mulheres possam trabalhar em projetos em um ambiente confort√°vel e acolhedor. A Double Union se orgulha de ser um espa√ßo feminista aberto a feministas interseccionais, centradas nas mulheres e queer e trans-inclusivas. Seu espa√ßo permite que os membros trabalhem em coisas como costura, programa√ß√£o, eletr√¥nica, madeira, artes de fibra de todos os tipos e cria√ß√£o de zine. Localizados no distrito de Mission em S√£o Francisco, eles oferecem aulas, open house e eventos. A maioria dos seus eventos s√£o apenas para membros e os membros se juntam atrav√©s de um processo de candidatura e vota√ß√£o. Saiba mais sobre a iniciativa."
https://pt.linkedin.com/pulse/lista-de-comunidades-e-iniciativas-para-mulheres-na-%C3%A1rea-pereira,Date not found,"Ellevate √© uma comunidade ou rede de mulheres profissionais bem-sucedidas, motivadas e apaixonadas de v√°rias ind√∫strias e caminhos de vida com uma cren√ßa comum de que ""investir em si e em outras mulheres √© um bom neg√≥cio"". Ellevate permite que as mulheres se conectem e aprendam umas das outras atrav√©s de eventos locais, ""Jam Sessions"" (webinars duas vezes por semana), artigos de membros, bem como podcasts e v√≠deos. Eles t√™m um cena local no Vale do Sil√≠cio e a associa√ß√£o √© oferecida anualmente em v√°rios n√≠veis por uma taxa. Saiba mais sobre a iniciativa."
https://pt.linkedin.com/pulse/lista-de-comunidades-e-iniciativas-para-mulheres-na-%C3%A1rea-pereira,Date not found,"Uma empresa de educa√ß√£o que trabalha no avan√ßo das mulheres trabalhando em tecnologia para lideran√ßa e empreendedorismo. Come√ßou em 2007 como um blog para combinar uma paix√£o pela engenharia e escrita. Eles oferecem palestras, mini-cursos, bem como cursos de aprendizagem mais estruturados on-line. Eles tamb√©m hospedam o F√≥rum Femgineer, uma s√©rie de eventos mensais realizada na √°rea da ba√≠a de S√£o Francisco. Esses f√≥runs tendem a constituir uma breve conversa seguida de uma sess√£o de discuss√£o, permitindo que os participantes se encaminhem e aprendam um com o outro. Seus eventos s√£o anunciados em sua p√°gina de reuni√£o. Eles tamb√©m t√™m um canal do YouTube. Saiba mais sobre a iniciativa."
https://pt.linkedin.com/pulse/lista-de-comunidades-e-iniciativas-para-mulheres-na-%C3%A1rea-pereira,Date not found,Ôªø
https://pt.linkedin.com/pulse/lista-de-comunidades-e-iniciativas-para-mulheres-na-%C3%A1rea-pereira,Date not found,Refer√™ncias: 
https://pt.linkedin.com/pulse/lista-de-comunidades-e-iniciativas-para-mulheres-na-%C3%A1rea-pereira,Date not found,https://exame.abril.com.br/carreira/10-comunidades-e-iniciativas-para-mulheres-programadoras/
https://pt.linkedin.com/pulse/lista-de-comunidades-e-iniciativas-para-mulheres-na-%C3%A1rea-pereira,Date not found,https://github.com/cristianoliveira/awesome4girls
https://pt.linkedin.com/pulse/lista-de-comunidades-e-iniciativas-para-mulheres-na-%C3%A1rea-pereira,Date not found,http://insideoutproject.xyz/mulheres-palestrantes/
https://pt.linkedin.com/pulse/lista-de-comunidades-e-iniciativas-para-mulheres-na-%C3%A1rea-pereira,Date not found,https://medium.com/@karenchurch/list-of-over-80-women-in-tech-programs-events-in-the-bay-area-5a8d210de878
https://pt.linkedin.com/pulse/lista-de-comunidades-e-iniciativas-para-mulheres-na-%C3%A1rea-pereira,Date not found,Ajude a melhorar as contribui√ß√µes
https://pt.linkedin.com/pulse/lista-de-comunidades-e-iniciativas-para-mulheres-na-%C3%A1rea-pereira,Date not found,Marque as contribui√ß√µes como in√∫teis se voc√™ as achar irrelevantes ou n√£o √∫teis para o artigo. Este feedback √© privado e n√£o ser√° compartilhado publicamente.
https://pt.linkedin.com/pulse/lista-de-comunidades-e-iniciativas-para-mulheres-na-%C3%A1rea-pereira,Date not found,Contribui√ß√£o oculta para voc√™
https://pt.linkedin.com/pulse/lista-de-comunidades-e-iniciativas-para-mulheres-na-%C3%A1rea-pereira,Date not found,Este feedback nunca √© compartilhado em modo p√∫blico; ele nos serve para exibir melhores contribui√ß√µes aos usu√°rios.
https://pt.linkedin.com/pulse/lista-de-comunidades-e-iniciativas-para-mulheres-na-%C3%A1rea-pereira,Date not found,"
Entre para ver ou adicionar um coment√°rio
    "
https://pt.linkedin.com/pulse/lista-de-comunidades-e-iniciativas-para-mulheres-na-%C3%A1rea-pereira,Date not found,Acompanhe as novidades do seu mundo profissional
https://pt.linkedin.com/pulse/lista-de-comunidades-e-iniciativas-para-mulheres-na-%C3%A1rea-pereira,Date not found,"
        Nunca usou o LinkedIn? Cadastre-se agora
"
https://sol.sbc.org.br/index.php/wit/article/view/15840,10/03/2021,"*O conte√∫do publicado neste portal representa exclusivamente a opini√£o de seus autores e n√£o necessariamente a posi√ß√£o da Sociedade Brasileira de Computa√ß√£o ‚Äì SBC, seus colaboradores e associados. A SBC poder√° adotar a qualquer tempo, e sem a necessidade de pr√©vio aviso, a cobran√ßa de uso e disponibiliza√ß√£o da plataforma e seu conte√∫do para n√£o associados."
https://sol.sbc.org.br/index.php/wit/article/view/15840,10/03/2021,
https://www.casadocodigo.com.br/products/livro-mulheres-em-tecnologia,78-85-5519,"
    Use o c√≥digo  e tenha 10% de desconto!
    








"
https://www.casadocodigo.com.br/products/livro-mulheres-em-tecnologia,78-85-5519,"

							R$ 39,90
					
"
https://www.casadocodigo.com.br/products/livro-mulheres-em-tecnologia,78-85-5519,"

							R$ 59,90
					
"
https://www.casadocodigo.com.br/products/livro-mulheres-em-tecnologia,78-85-5519,"

							R$ 79,90
					
"
https://www.casadocodigo.com.br/products/livro-mulheres-em-tecnologia,78-85-5519,*Voc√™ ter√° acesso √†s futuras atualiza√ß√µes do livro.
https://www.casadocodigo.com.br/products/livro-mulheres-em-tecnologia,78-85-5519,"
				Em um mundo que est√° sendo constru√≠do atrav√©s da tecnologia, a inclus√£o e a diversidade emergem n√£o apenas como valores √©ticos, mas como necessidade para a inova√ß√£o e o progresso da √°rea. Neste livro, as autoras Beatriz e Mariana nos convidam a uma reflex√£o profunda sobre as estruturas de poder vigentes, os vieses culturais inconscientes e as barreiras sist√™micas que ainda impedem muitas meninas e mulheres, especialmente aquelas na interse√ß√£o de identidades marginalizadas, de entrar, permanecer e prosperar na tecnologia.
			"
https://www.casadocodigo.com.br/products/livro-mulheres-em-tecnologia,78-85-5519,"
				
Este livro √© um chamado √† a√ß√£o. Ele nos instiga a transformar o ambiente tecnol√≥gico, mostrando a urg√™ncia de apoiar e implementar programas de diversidade, equidade e inclus√£o em suas empresas, institui√ß√µes e comunidades. Com dados hist√≥ricos, estudos e experi√™ncias de mulheres na √°rea de tecnologia, com foco espec√≠fico nas brasileiras, este livro desafia as percep√ß√µes tradicionais sobre quem pode ser profissional da tecnologia e o que isso significa, mostrando que a diversidade n√£o √© apenas ben√©fica, mas essencial para o avan√ßo tecnol√≥gico, para a evolu√ß√£o da sociedade e para o desenvolvimento econ√¥mico do pa√≠s.
			"
https://www.casadocodigo.com.br/products/livro-mulheres-em-tecnologia,78-85-5519,"
Saiba o que voc√™ vai aprender
"
https://www.casadocodigo.com.br/products/livro-mulheres-em-tecnologia,78-85-5519,¬†
https://www.casadocodigo.com.br/products/livro-mulheres-em-tecnologia,78-85-5519,"
Beatriz Oliveira atualmente trabalha como Cloud Engineer na Vivo (Telef√¥nica Brasil) e √© l√≠der do grupo de afinidade Vivo Mulheres. Sua forma√ß√£o t√©cnica e acad√™mica √© dedicada √† Infraestrutura de TI e Arquitetura de Solu√ß√µes. √â cofundadora da Comunidade SysAdminas, uma iniciativa que visa estimular a participa√ß√£o feminina em √°reas como Infraestrutura de TI, Cloud Computing e DevOps, proporcionando capacita√ß√£o t√©cnica e apoio para a empregabilidade.

Por seu trabalho em comunidades, Beatriz tem sido reconhecida por organiza√ß√µes de tecnologia atrav√©s de diversos programas nacionais e globais, como AWS Community Builder, Google's Women TechMakers Ambassador, Elastic Contributor Program, VMware vExpert, Microsoft MVP, Pass It On Award, da Anita Borg Institute e Alura Stars.


			"
https://www.casadocodigo.com.br/products/livro-mulheres-em-tecnologia,78-85-5519,"
Mariana Carvalho √© escritora e mentora de carreira. Foi premiada como uma das Latino 30 Under 30 pela El Mundo Boston, em 2022, por seus esfor√ßos em Diversidade e Inclus√£o no Brasil e nos Estados Unidos, e como Mentor of the Year, pela WomenTech Network em 2023. Mariana j√° recebeu outros pr√™mios pelo seu trabalho na √°rea de DE&I e empoderamento feminino, como o Young Hispanic Corporate Achiever 2021, do Hispanic Association on Corporate Responsibility (HACR), o Pass It On Award 2018, da Anita Borg Institute, e o One Young World Ambassador 2019 pela Zurich Foundation.

Mariana √© cofundadora da Brazilians in Tech, uma organiza√ß√£o para mulheres brasileiras em tecnologia. √â formada em Comunica√ß√£o Social pela ESPM-SP, com um MBA em Intelig√™ncia Competitiva pela ESPM-Rio, e Mestrado em Ci√™ncias da Computa√ß√£o pela Jackson State University.
			"
https://www.casadocodigo.com.br/products/livro-mulheres-em-tecnologia,78-85-5519,"
Grupo Alura
"
https://www.casadocodigo.com.br/products/livro-mulheres-em-tecnologia,78-85-5519,Educa√ß√£o em Tecnologia
https://www.casadocodigo.com.br/products/livro-mulheres-em-tecnologia,78-85-5519,Mais Alura
https://www.casadocodigo.com.br/products/livro-mulheres-em-tecnologia,78-85-5519,Comunidade
https://www.casadocodigo.com.br/products/livro-mulheres-em-tecnologia,78-85-5519,Podcasts
https://pt.linkedin.com/pulse/vaga-afirmativa-para-mulheres-juliana-farah,Date not found,"
                Aceite e cadastre-se no LinkedIn
              "
https://pt.linkedin.com/pulse/vaga-afirmativa-para-mulheres-juliana-farah,Date not found,"
      Ao clicar em Continuar para se cadastrar ou entrar, voc√™ aceita o Contrato do Usu√°rio, a Pol√≠tica de Privacidade e a Pol√≠tica de Cookies do LinkedIn.
    "
https://pt.linkedin.com/pulse/vaga-afirmativa-para-mulheres-juliana-farah,Date not found,"
                Crie sua conta gratuita ou entre para continuar sua pesquisa
              "
https://pt.linkedin.com/pulse/vaga-afirmativa-para-mulheres-juliana-farah,Date not found,
https://pt.linkedin.com/pulse/vaga-afirmativa-para-mulheres-juliana-farah,Date not found,"
              ou
            "
https://pt.linkedin.com/pulse/vaga-afirmativa-para-mulheres-juliana-farah,Date not found,"
                Nunca usou o LinkedIn? Cadastre-se agora
"
https://pt.linkedin.com/pulse/vaga-afirmativa-para-mulheres-juliana-farah,Date not found,"
                  ou
                "
https://pt.linkedin.com/pulse/vaga-afirmativa-para-mulheres-juliana-farah,Date not found,"
              Nunca usou o LinkedIn? Cadastre-se agora
"
https://pt.linkedin.com/pulse/vaga-afirmativa-para-mulheres-juliana-farah,Date not found,"¬†√â uma das a√ß√µes afirmativas, a√ß√µes tais que trabalham a diversidade e inclus√£o no ambiente de trabalho."
https://pt.linkedin.com/pulse/vaga-afirmativa-para-mulheres-juliana-farah,Date not found,"Uma vaga #afirmativa, ainda assusta muitas pessoas, e acreditem a maioria destas s√£o as pr√≥prias mulheres, pois n√£o estamos acostumadas com esse tipo de recrutamento de profissionais, mas isso aconteceu tamb√©m quando as cotas para pessoas pretas foram inseridas nas universidades e hoje j√° n√£o assustam e nem incomodam."
https://pt.linkedin.com/pulse/vaga-afirmativa-para-mulheres-juliana-farah,Date not found,"As vagas afirmativas para mulheres e para outros grupos, √© uma retrata√ß√£o da sociedade e contamos com as empresas para esse movimento de transforma√ß√£o social. Embora tenhamos trabalhado nessas quest√µes nos √∫ltimos anos, muitos homens ainda se sentem amea√ßados e tornam o ambiente de trabalho hostil e desagrad√°vel, e por falta de seguran√ßa psicol√≥gica as mulheres vem se calando, por medo do ass√©dio moral que possam sofrer. Isso √© um absurdo e uma realidade, que ou√ßo todos os dias."
https://pt.linkedin.com/pulse/vaga-afirmativa-para-mulheres-juliana-farah,Date not found,"Com base na Constitui√ß√£o Federal de 1988, as vagas afirmativas n√£o s√£o consideradas inconstitucionais, porque a Carta Magna incentiva a√ß√µes afirmativas, tanto como uma forma de repara√ß√£o hist√≥rica quanto por gerar benef√≠cios e impactos positivos para a sociedade, vejamos tamb√©m a ONU Organiza√ß√£o das Na√ß√µes Unidas que desenhou recentemente objetivos de desenvolvimento sustent√°vel, como o objetivo 5 que trata da igualdade de g√™nero, de criar condi√ß√µes para atingir a igualdade de g√™nero e empoderamento de todas as mulheres."
https://pt.linkedin.com/pulse/vaga-afirmativa-para-mulheres-juliana-farah,Date not found,"A mulher assume um papel importante de provedora neste cen√°rio, assim como o homem, ent√£o uma a√ß√£o afirmativa corrobora para que isso se efetive, mas para que haja sustenta√ß√£o √© preciso que TODOS JUNTOS, entendamos que al√©m de atrair e selecionar √© preciso manter e reter."
https://pt.linkedin.com/pulse/vaga-afirmativa-para-mulheres-juliana-farah,Date not found,"Tornar o ambiente favor√°vel com trabalhos alinhados para identificar e eliminar os vieses inconscientes √© primordial, assim como ter a lideran√ßa exercendo em a√ß√µes o que se fala e se prega pelas empresas."
https://pt.linkedin.com/pulse/vaga-afirmativa-para-mulheres-juliana-farah,Date not found,¬†
https://pt.linkedin.com/pulse/vaga-afirmativa-para-mulheres-juliana-farah,Date not found,"Nas discuss√µes sobre a discrimina√ß√£o racial e de g√™nero, √© muito comum ouvir que as vagas afirmativas s√£o uma forma de preconceito ao contr√°rio. "
https://pt.linkedin.com/pulse/vaga-afirmativa-para-mulheres-juliana-farah,Date not found,"√â preciso lembrar, entretanto, que se trata de uma situa√ß√£o estrutural, ou seja, atrelada √†s rela√ß√µes de poder na sociedade. Ent√£o, como n√£o existe uma estrutura social que negue direitos aos homens, n√£o tem como existir preconceito reverso."
https://pt.linkedin.com/pulse/vaga-afirmativa-para-mulheres-juliana-farah,Date not found,"E n√£o ser√≠amos todos iguais, como prega a Constitui√ß√£o Federal? Sim, a Constitui√ß√£o Federal defende essa m√°xima, mas ressalta que n√£o somos todos iguais, e sim que devemos ser tratados de forma igualit√°ria. Por√©m, a realidade hist√≥rica prova o contr√°rio em rela√ß√£o √† popula√ß√£o negra, √†s pessoas ind√≠genas, √†s pessoas com defici√™ncia e outros grupos, que n√£o s√£o tratados de forma igual, bem como as mulheres."
https://pt.linkedin.com/pulse/vaga-afirmativa-para-mulheres-juliana-farah,Date not found,Autocritica e autoavalia√ß√£o de seus comportamentos.
https://pt.linkedin.com/pulse/vaga-afirmativa-para-mulheres-juliana-farah,Date not found,"Muita das vezes interromper a fala de uma mulher, fazer um coment√°rio despretensioso, ‚Äúroubar‚Äù uma ideia ou at√© mesmo faz√™-la acreditar que deve saber tudo ou que n√£o sabe NADA, s√£o pontos que atrapalham a evolu√ß√£o de tudo que estamos fazendo, e n√£o queremos isso. N√£o √© mesmo?!"
https://pt.linkedin.com/pulse/vaga-afirmativa-para-mulheres-juliana-farah,Date not found,"Voc√™ j√° perguntou para uma mulher que trabalha com voc√™, como ela se sente trabalhando com voc√™?"
https://pt.linkedin.com/pulse/vaga-afirmativa-para-mulheres-juliana-farah,Date not found,#EELa #engenharia #estrategia #lideran√ßa #mulheres #mulher #vagaafirmativa #a√ß√£oafirmativa #diversidadeeinclus√£o #diversidade #inclus√£o #lideran√ßafeminina #engenheiras #constitui√ß√£oferederal #ONU¬†#EELaPARAELAS
https://pt.linkedin.com/pulse/vaga-afirmativa-para-mulheres-juliana-farah,Date not found,Ajude a melhorar as contribui√ß√µes
https://pt.linkedin.com/pulse/vaga-afirmativa-para-mulheres-juliana-farah,Date not found,Marque as contribui√ß√µes como in√∫teis se voc√™ as achar irrelevantes ou n√£o √∫teis para o artigo. Este feedback √© privado e n√£o ser√° compartilhado publicamente.
https://pt.linkedin.com/pulse/vaga-afirmativa-para-mulheres-juliana-farah,Date not found,Contribui√ß√£o oculta para voc√™
https://pt.linkedin.com/pulse/vaga-afirmativa-para-mulheres-juliana-farah,Date not found,Este feedback nunca √© compartilhado em modo p√∫blico; ele nos serve para exibir melhores contribui√ß√µes aos usu√°rios.
https://pt.linkedin.com/pulse/vaga-afirmativa-para-mulheres-juliana-farah,Date not found,T√©cnica de Radiologia  na Salomao & Zoppi Medicina Diagnostica
https://pt.linkedin.com/pulse/vaga-afirmativa-para-mulheres-juliana-farah,Date not found,Eu acredito que todos tem suas qualidades e defeitos por√©m quando o assunto √© sobre trabalho a forma √© respeito acima de tudo independentemente de qualquer situa√ß√£o 
https://pt.linkedin.com/pulse/vaga-afirmativa-para-mulheres-juliana-farah,Date not found,Diretor Consultoria-Excellence Consulting
https://pt.linkedin.com/pulse/vaga-afirmativa-para-mulheres-juliana-farah,Date not found,"Acredito que todos precisam de espa√ßo no ambiente de trabalho e a diversidade √© fundamental para promover a inclus√£o social. Hoje muitas mulheres acendem na carreira profissional por m√©ritos. Depois de v√°rios anos, quase um s√©culo, com presidentes homens, temos hoje a Daniela Manique, presidente do Grupo Solvay na Am√©rica Latina. Paulistana, Daniela Manique ocupa a presid√™ncia do Grupo Solvay na Am√©rica desde 2018, acumulando essa fun√ß√£o com a dire√ß√£o da unidade global de neg√≥cios Coatis, que a partir do Brasil produz e comercializa fenol e derivados, solventes oxigenados e poliamida e fibras. Engenheira qu√≠mica de forma√ß√£o, com ampla experi√™ncia na ind√∫stria, Daniela Manique tamb√©m √© vice-presidente do Conselho Diretor da Abiquim ‚Äì Associa√ß√£o Brasileira da Ind√∫stria Qu√≠mica ‚Äì e forte defensora do incremento das rela√ß√µes econ√¥micas e comerciais entre a B√©lgica e o Brasil.
¬†
Al√©m de seu papel pioneiro no √¢mbito da promo√ß√£o da presen√ßa da mulher na lideran√ßa da ind√∫stria na regi√£o, Daniela Manique tem comandado os esfor√ßos da empresa para avan√ßar em competitividade, inova√ß√£o, em ESG e em programas de responsabilidade social corporativa. 

A Rhodia em que trabalhei por diversos anos, faz parte do Grupo Solvay. Eng. Sergio Nagao"
https://pt.linkedin.com/pulse/vaga-afirmativa-para-mulheres-juliana-farah,Date not found,"""Transformando Vidas, Capacitando Mudan√ßas""                                        
Entusiasta da Empatia | Instrutora de Curso Profissionalizante  | Palestrante | Consultoria | R&S | T&D | Recursos Humanos."
https://pt.linkedin.com/pulse/vaga-afirmativa-para-mulheres-juliana-farah,Date not found,"Esclarecedor, Obrigada!
Juliana Farah
"
https://pt.linkedin.com/pulse/vaga-afirmativa-para-mulheres-juliana-farah,Date not found,Gerenciamento de Projetos l LEAN SIX SIGMA GREEN BELT | Manuten√ß√£o | Engenharia El√©trica l Engenharia de Seguran√ßa do Trabalho | Auditoria ISO l NR10 l NR12| Projetos HPR
https://pt.linkedin.com/pulse/vaga-afirmativa-para-mulheres-juliana-farah,Date not found,Texto esclarecedor! Obrigada Juliana Farah
https://pt.linkedin.com/pulse/vaga-afirmativa-para-mulheres-juliana-farah,Date not found,Engenheira Mec√¢nica | Gestora de Projetos | Engenheira de Manuten√ß√£o e Confiabilidade | Engenheira de Processos | Engenheira de Produ√ß√£o | Gestora de pessoas | Supervisora de Produ√ß√£o |
https://pt.linkedin.com/pulse/vaga-afirmativa-para-mulheres-juliana-farah,Date not found,Texto necess√°rio!! Mto bom Juliana Farah
https://pt.linkedin.com/pulse/vaga-afirmativa-para-mulheres-juliana-farah,Date not found,"
Entre para ver ou adicionar um coment√°rio
    "
https://pt.linkedin.com/pulse/vaga-afirmativa-para-mulheres-juliana-farah,Date not found,Acompanhe as novidades do seu mundo profissional
https://pt.linkedin.com/pulse/vaga-afirmativa-para-mulheres-juliana-farah,Date not found,"
        Nunca usou o LinkedIn? Cadastre-se agora
"
https://blog.caju.com.br/cultura-organizacional/vaga-afirmativa/,13/12/2022,"
				Benef√≠cios flex√≠veis s√£o valores ou vantagens, al√©m do sal√°rio, que a empresa oferece e que podem ser adaptados de acordo com as prefer√™ncias do colaborador, como alimenta√ß√£o, refei√ß√£o e vale-cultura.			"
https://blog.caju.com.br/cultura-organizacional/vaga-afirmativa/,13/12/2022,"
				Por Izabela Linke				em
				

						13/12/2022					

"
https://blog.caju.com.br/cultura-organizacional/vaga-afirmativa/,13/12/2022,"
				Descubra quais s√£o os produtos da Caju que podem gerar economia de tempo e dinheiro para a sua empresa			"
https://blog.caju.com.br/cultura-organizacional/vaga-afirmativa/,13/12/2022,"
				Por Eduarda Ferreira				em
				

						31/07/2023					

"
https://blog.caju.com.br/cultura-organizacional/vaga-afirmativa/,13/12/2022,"
				Descubra como integrar o seu cart√£o de multibenef√≠cios da Caju na carteira digital do Google e aproveitar essa funcionalidade			"
https://blog.caju.com.br/cultura-organizacional/vaga-afirmativa/,13/12/2022,"
				Por Eduarda Ferreira				em
				

						17/07/2024					

"
https://blog.caju.com.br/cultura-organizacional/vaga-afirmativa/,13/12/2022,"
				Saiba como desburocratizar esse processo usando o Caju Ciclos, solu√ß√£o integrada para admiss√£o e gest√£o de dados do RH			"
https://blog.caju.com.br/cultura-organizacional/vaga-afirmativa/,13/12/2022,"
				Por Eduarda Ferreira				em
				

						10/10/2023					

"
https://blog.caju.com.br/cultura-organizacional/vaga-afirmativa/,13/12/2022,"
				Inscreva-se na nossa newsletter e receba as principais novidades que o profissional de RH precisa saber para se destacar no mercado.			"
https://blog.caju.com.br/cultura-organizacional/vaga-afirmativa/,13/12/2022,"
						A vaga afirmativa tem como objetivo fortalecer os esfor√ßos para alcan√ßar maior igualdade no ambiente de trabalho. Descubra tudo sobre o tema!					"
https://blog.caju.com.br/cultura-organizacional/vaga-afirmativa/,13/12/2022,"
							Criado em
							

									28 de agosto de 2023								

"
https://blog.caju.com.br/cultura-organizacional/vaga-afirmativa/,13/12/2022,"
							Atualizado em
							

									28 de agosto de 2023								

"
https://blog.caju.com.br/cultura-organizacional/vaga-afirmativa/,13/12/2022,"
							por
							
								Izabela Linke							
"
https://blog.caju.com.br/cultura-organizacional/vaga-afirmativa/,13/12/2022,"
							Leia em
							8 minutos						"
https://blog.caju.com.br/cultura-organizacional/vaga-afirmativa/,13/12/2022,"Vagas afirmativas s√£o oportunidades de emprego destinadas a um grupo espec√≠fico de pessoas. O objetivo √© promover a inclus√£o de grupos sub-representados no mercado de trabalho, como mulheres, pessoas negras e pessoas com defici√™ncia."
https://blog.caju.com.br/cultura-organizacional/vaga-afirmativa/,13/12/2022,"Em um mundo em que a diversidade e a inclus√£o s√£o cada vez mais valorizadas, esse tipo de a√ß√£o n√£o √© s√≥ um diferencial positivo, mas um compromisso social de empresas que querem promover um ambiente mais diverso na pr√°tica."
https://blog.caju.com.br/cultura-organizacional/vaga-afirmativa/,13/12/2022,"Pensando nisso, preparamos este artigo com tudo o que voc√™ precisa saber sobre vagas afirmativas: principais tipos, como funcionam, quem pode se candidatar, como fazer um processo seletivo afirmativo e muito mais. Acompanhe!"
https://blog.caju.com.br/cultura-organizacional/vaga-afirmativa/,13/12/2022,"O processo seletivo afirmativo visa promover a diversidade e inclus√£o no quadro de funcion√°rios da empresa. Para isso, as vagas s√£o destinadas, preferencialmente, a pessoas pertencentes a grupos historicamente exclu√≠dos do mercado de trabalho."
https://blog.caju.com.br/cultura-organizacional/vaga-afirmativa/,13/12/2022,"Adotam-se medidas espec√≠ficas para garantir a participa√ß√£o de pessoas negras, mulheres, membros da comunidade LGBTQIAPN+, pessoas com defici√™ncia, entre outros.¬†"
https://blog.caju.com.br/cultura-organizacional/vaga-afirmativa/,13/12/2022,"Leia tamb√©m: Empregabilidade: conceito, import√¢ncia e pilares"
https://blog.caju.com.br/cultura-organizacional/vaga-afirmativa/,13/12/2022,"A diferen√ßa entre vaga afirmativa e vaga exclusiva √© meramente de nomenclatura, pois ambas servem ao mesmo prop√≥sito, o de dedicar vagas para incluir pessoas de grupos minorizados."
https://blog.caju.com.br/cultura-organizacional/vaga-afirmativa/,13/12/2022,"As a√ß√µes afirmativas s√£o um conjunto de pol√≠ticas e pr√°ticas que buscam corrigir desigualdades hist√≥ricas e promover a inclus√£o de grupos historicamente discriminados e exclu√≠dos. No dia a dia, isso pode envolver desde a ado√ß√£o de cotas at√© a cria√ß√£o de programas de capacita√ß√£o direcionados a grupos espec√≠ficos."
https://blog.caju.com.br/cultura-organizacional/vaga-afirmativa/,13/12/2022,"Como vimos, as vagas afirmativas em processos seletivos s√£o destinadas a grupos que historicamente enfrentam dificuldades para entrar no mercado de trabalho. Por isso, muitas empresas definem crit√©rios claros para essas oportunidades."
https://blog.caju.com.br/cultura-organizacional/vaga-afirmativa/,13/12/2022,"No entanto, as regras sobre quem pode se candidatar √†s vagas afirmativas variam de acordo com os objetivos do neg√≥cio. Na maioria das vezes, as vagas incluem os seguintes grupos:"
https://blog.caju.com.br/cultura-organizacional/vaga-afirmativa/,13/12/2022,Com foco na promo√ß√£o da igualdade racial no mercado de trabalho. Podem se candidatar pessoas que se identificam como pretas ou pardas.
https://blog.caju.com.br/cultura-organizacional/vaga-afirmativa/,13/12/2022,"PcD √© a sigla para pessoas com defici√™ncia. Logo, podem se candidatar pessoas com uma ou mais de uma defici√™ncia conhecida, como as defici√™ncias f√≠sicas, visuais, auditivas ou intelectuais."
https://blog.caju.com.br/cultura-organizacional/vaga-afirmativa/,13/12/2022,"Lembrando que, no caso das vagas para PcDs, a pessoa candidata precisa apresentar um laudo m√©dico oficial que comprove a sua defici√™ncia."
https://blog.caju.com.br/cultura-organizacional/vaga-afirmativa/,13/12/2022,"Vagas afirmativas para mulheres s√£o exclusivas para candidatas que se identificam com o g√™nero feminino. Essa √© uma iniciativa para promover a igualdade de g√™nero e tem sido muito comum em empresas de tecnologia, por exemplo, onde h√° predomin√¢ncia de profissionais homens."
https://blog.caju.com.br/cultura-organizacional/vaga-afirmativa/,13/12/2022,"Podem se candidatar em vagas afirmativas para a comunidade LGBTQIAPN+ aquelas pessoas que se identifiquem como l√©sbicas, gays, bissexuais, transg√™neros, queer, intersexo, assexuais ou outras identifica√ß√µes que fujam ao padr√£o da cisheteronormatividade."
https://blog.caju.com.br/cultura-organizacional/vaga-afirmativa/,13/12/2022,"As vagas afirmativas por faixa et√°ria buscam incluir profissionais com mais experi√™ncia, que muitas vezes sofrem preconceito pela sua idade e dificuldade de recoloca√ß√£o no mercado. Esse tipo de vaga pode ser exclusiva para profissionais acima dos 50 anos, por exemplo.¬†"
https://blog.caju.com.br/cultura-organizacional/vaga-afirmativa/,13/12/2022,"Fazer uma vaga afirmativa requer planejamento e comprometimento por parte das empresas. Por isso, listamos abaixo o passo a passo como criar uma vaga afirmativa. Confira:"
https://blog.caju.com.br/cultura-organizacional/vaga-afirmativa/,13/12/2022,"O primeiro passo para criar uma vaga afirmativa √© fazer uma an√°lise do cen√°rio atual da empresa em rela√ß√£o √† diversidade. Para isso, o RH pode fazer um censo para ter visibilidade da demografia e da representatividade de cada recorte no quadro da empresa, identificando quais grupos est√£o sub-representados em cada √°rea."
https://blog.caju.com.br/cultura-organizacional/vaga-afirmativa/,13/12/2022,"Caso encontre uma presen√ßa significativamente baixa de mulheres ou de pessoas negras em posi√ß√µes de lideran√ßa, por exemplo, pode ser um indicativo de por onde come√ßar os esfor√ßos."
https://blog.caju.com.br/cultura-organizacional/vaga-afirmativa/,13/12/2022,Leia tamb√©m: Como promover a lideran√ßa feminina nas empresas?
https://blog.caju.com.br/cultura-organizacional/vaga-afirmativa/,13/12/2022,"Depois de identificar as √°reas que mais precisam de a√ß√µes afirmativas, estabele√ßa metas para a contrata√ß√£o de grupos espec√≠ficos. Defina um percentual m√≠nimo de representatividade para cada setor (e para a organiza√ß√£o em geral) e um prazo para alcan√ßar esse objetivo."
https://blog.caju.com.br/cultura-organizacional/vaga-afirmativa/,13/12/2022,"√â poss√≠vel estabelecer, por exemplo, um aumento de 50% no n√∫mero de profissionais negros nos pr√≥ximos cinco anos. Esse √© um direcionamento claro e mensur√°vel, que permite monitorar o progresso ao longo do tempo."
https://blog.caju.com.br/cultura-organizacional/vaga-afirmativa/,13/12/2022,"Na hora de criar a descri√ß√£o da vaga, use uma linguagem inclusiva. Em vez de usar o termo ‚Äúo candidato‚Äù, por exemplo, prefira a express√£o ‚Äúpessoa candidata‚Äù."
https://blog.caju.com.br/cultura-organizacional/vaga-afirmativa/,13/12/2022,Lembre-se de destacar que √© uma vaga afirmativa e que faz parte de um projeto de inclus√£o e diversidade. Isso ajuda as pessoas a se sentirem mais motivadas a enviar a candidatura.
https://blog.caju.com.br/cultura-organizacional/vaga-afirmativa/,13/12/2022,"Al√©m disso, verifique com muita aten√ß√£o se a sua p√°gina de carreiras, as descri√ß√µes de vaga e o processo seletivo como um todo s√£o acess√≠veis. N√£o adianta criar uma vaga afirmativa para pessoas com defici√™ncia se elas n√£o conseguirem encontrar a vaga ou participar da triagem."
https://blog.caju.com.br/cultura-organizacional/vaga-afirmativa/,13/12/2022,"Quando for divulgar a oportunidade, escolha canais que alcancem diretamente o grupo alvo da vaga afirmativa, como sites, p√°ginas e f√≥runs dedicados a esses grupos. Vale pensar em alguma parceria com empresas ou consultorias especializadas."
https://blog.caju.com.br/cultura-organizacional/vaga-afirmativa/,13/12/2022,"Essa √© uma forma de garantir que voc√™ alcance os profissionais desejados, al√©m de ser mais uma maneira de refor√ßar o compromisso da empresa, mostrando que realmente existe um esfor√ßo para alcan√ßar esses profissionais."
https://blog.caju.com.br/cultura-organizacional/vaga-afirmativa/,13/12/2022,Outro ponto essencial para garantir um processo seletivo afirmativo √© revisar todas as etapas do recrutamento antes de come√ßar as entrevistas. Isso ajuda a identificar poss√≠veis barreiras ou vieses inconscientes que possam ter passado despercebidos.
https://blog.caju.com.br/cultura-organizacional/vaga-afirmativa/,13/12/2022,"Dessa forma, elimine qualquer crit√©rio que impe√ßa que determinado grupo de pessoas avance nas etapas, garantindo um processo realmente inclusivo, acess√≠vel e alinhado aos objetivos de igualdade de uma vaga afirmativa."
https://blog.caju.com.br/cultura-organizacional/vaga-afirmativa/,13/12/2022,Leia tamb√©m: Roteiro para entrevistas: confira o passo a passo para montar um
https://blog.caju.com.br/cultura-organizacional/vaga-afirmativa/,13/12/2022,"Adotar pol√≠ticas mais flex√≠veis, como o modelo de trabalho remoto, tamb√©m √© uma maneira de incluir grupos minorizados no mercado de trabalho, principalmente nos grandes centros."
https://blog.caju.com.br/cultura-organizacional/vaga-afirmativa/,13/12/2022,"Imagine uma empresa que oferece a possibilidade de a pessoa trabalhar de onde quiser, por exemplo. Essa seria uma vaga muito mais acess√≠vel para mulheres m√£es que, muitas vezes, deixam de ingressar no mercado de trabalho devido √† maternidade, ou para pessoas com dificuldade de locomo√ß√£o."
https://blog.caju.com.br/cultura-organizacional/vaga-afirmativa/,13/12/2022,Leia tamb√©m: Maternidade e trabalho: como conciliar os desafios?
https://blog.caju.com.br/cultura-organizacional/vaga-afirmativa/,13/12/2022,"Criar uma cultura organizacional que celebra a diversidade requer a integra√ß√£o desses valores no dia a dia da empresa. Por isso, tamb√©m √© preciso discutir esse t√≥pico internamente para garantir a sensibiliza√ß√£o de toda a equipe e a garantia dos direitos e da dignidade de todas as pessoas."
https://blog.caju.com.br/cultura-organizacional/vaga-afirmativa/,13/12/2022,"Uma op√ß√£o √© realizar workshops internos sobre preconceitos e desigualdade no mercado de trabalho. Assim, √© poss√≠vel contribuir para que todos os colaboradores tamb√©m se conscientizem e ajudem a criar um ambiente mais acolhedor e inclusivo."
https://blog.caju.com.br/cultura-organizacional/vaga-afirmativa/,13/12/2022,"Pense tamb√©m em oferecer espa√ßos seguros e processos estruturados para que pessoas de grupos minorizados possam fazer den√∫ncias, por exemplo, contra alguma discrimina√ß√£o ou viol√™ncia que sofrerem na empresa."
https://blog.caju.com.br/cultura-organizacional/vaga-afirmativa/,13/12/2022,As a√ß√µes afirmativas s√£o uma forma de garantir a participa√ß√£o de grupos sub-representados no mercado de trabalho e construir equipes mais diversas.
https://blog.caju.com.br/cultura-organizacional/vaga-afirmativa/,13/12/2022,"Para as pessoas candidatas, isso representa oportunidades mais igualit√°rias nos processos seletivos; para a empresa, √© uma forma de atrair diferentes talentos e garantir outros pontos de vista nas discuss√µes internas."
https://blog.caju.com.br/cultura-organizacional/vaga-afirmativa/,13/12/2022,"Mas, para garantir esses benef√≠cios, √© preciso que as lideran√ßas saibam conduzir um time diverso. Por isso, aproveite aproveite para ler tamb√©m nosso artigo sobre lideran√ßa inclusiva!"
https://blog.caju.com.br/cultura-organizacional/vaga-afirmativa/,13/12/2022,"
				Quer ir direto ao ponto? Navegue por aqui.
			"
https://blog.caju.com.br/cultura-organizacional/vaga-afirmativa/,13/12/2022,"
					Preencha o formul√°rio de interesse abaixo.
				"
https://blog.caju.com.br/cultura-organizacional/vaga-afirmativa/,13/12/2022,"
					Entraremos em contato com as melhores solu√ß√µes para sua empresa.
				"
https://blog.caju.com.br/cultura-organizacional/vaga-afirmativa/,13/12/2022,"
					Em breve entraremos em contato.
				"
https://blog.caju.com.br/cultura-organizacional/vaga-afirmativa/,13/12/2022,"
			Conte√∫do		"
https://blog.caju.com.br/cultura-organizacional/vaga-afirmativa/,13/12/2022,"
					Jornalista, redatora e revisora que adora ouvir e contar hist√≥rias. Cuidando do marketing de conte√∫do da Caju, tem como miss√£o levar informa√ß√£o de valor para a √°rea de gest√£o de pessoas e contribuir para um mercado cada vez mais inovador e humano.				"
https://blog.caju.com.br/cultura-organizacional/vaga-afirmativa/,13/12/2022,"
				Somos uma empresa de tecnologia fruto do empreendedorismo brasileiro para aqueles que enxergam pessoas por tr√°s dos seus colaboradores.			"
https://jobs.finops.org/vacancies/mars-cloud-finops-analyst-vaga-afirmativa-para-mulheres/,Date not found,Job Description:
https://jobs.finops.org/vacancies/mars-cloud-finops-analyst-vaga-afirmativa-para-mulheres/,Date not found,"The Cloud Finops Analyst¬†¬†will play a crucial role in supporting financial operations and analysis, ensuring accurate financial data and assisting with financial reporting. This position requires strong analytical skills, attention to detail, and a solid understanding of financial principles. The ideal candidate is a proactive and results-oriented individual who thrives in a dynamic and fast-paced environment."
https://jobs.finops.org/vacancies/mars-cloud-finops-analyst-vaga-afirmativa-para-mulheres/,Date not found,¬†
https://jobs.finops.org/vacancies/mars-cloud-finops-analyst-vaga-afirmativa-para-mulheres/,Date not found,What are we looking for?
https://jobs.finops.org/vacancies/mars-cloud-finops-analyst-vaga-afirmativa-para-mulheres/,Date not found,What will be your key responsibilities?
https://jobs.finops.org/vacancies/mars-cloud-finops-analyst-vaga-afirmativa-para-mulheres/,Date not found,To request a modification to this listing please email jobs@finops.org 
https://jobs.finops.org/vacancies/mars-cloud-finops-analyst-vaga-afirmativa-para-mulheres/,Date not found,Follow Us:
https://jobs.finops.org/vacancies/mars-cloud-finops-analyst-vaga-afirmativa-para-mulheres/,Date not found,"
This work is licensed under Attribution 4.0 International
"
https://jobs.finops.org/vacancies/mars-cloud-finops-analyst-vaga-afirmativa-para-mulheres/,Date not found,"
¬©  FinOps Foundation Project a Series of LF Projects, LLC.
"
https://jobs.finops.org/vacancies/mars-cloud-finops-analyst-vaga-afirmativa-para-mulheres/,Date not found,"
            For web site terms of use, trademark policy and other project policies please see https://lfprojects.org.
        "
https://jobs.finops.org/vacancies/mars-cloud-finops-analyst-vaga-afirmativa-para-mulheres/,Date not found,"For the technical charter of FinOps Project a Series of LF Projects, LLC, please see the Technical Charter."
